"Date","Price","Open","High","Low","Vol.","Change %"
"Jul 30, 2021","42,203.4","40,001.1","42,264.4","38,358.4","98.45K","5.50%"
"Jul 29, 2021","40,001.4","40,009.0","40,630.7","39,340.8","75.30K","-0.00%"
"Jul 28, 2021","40,003.2","39,450.4","40,862.2","38,883.8","148.92K","1.40%"
"Jul 27, 2021","39,452.0","37,294.3","39,455.9","36,427.4","100.24K","5.84%"
"Jul 26, 2021","37,276.6","35,392.3","40,522.9","35,236.7","177.63K","5.33%"
"Jul 25, 2021","35,391.1","34,392.5","35,391.1","33,881.3","65.10K","4.63%"
"Jul 24, 2021","33,824.8","33,600.5","33,955.0","33,412.9","67.14K","0.66%"
"Jul 23, 2021","33,603.3","32,297.9","33,605.6","32,041.1","66.15K","4.04%"
"Jul 22, 2021","32,298.9","32,131.7","32,585.4","31,729.4","64.87K","0.52%"
"Jul 21, 2021","32,131.4","29,794.7","32,794.6","29,519.3","118.34K","7.85%"
"Jul 20, 2021","29,793.8","30,835.4","31,040.8","29,310.2","97.46K","-3.38%"
"Jul 19, 2021","30,837.2","31,782.9","31,887.0","30,478.2","77.48K","-2.98%"
"Jul 18, 2021","31,785.4","31,517.9","32,408.2","31,220.6","57.01K","0.85%"
"Jul 17, 2021","31,518.6","31,384.4","31,914.8","31,207.8","58.06K","0.40%"
"Jul 16, 2021","31,394.0","31,842.3","32,239.8","31,062.2","70.48K","-1.40%"
"Jul 15, 2021","31,840.5","32,820.5","33,157.0","31,175.8","76.95K","-2.99%"
"Jul 14, 2021","32,820.7","32,727.8","33,051.9","31,611.2","69.56K","0.28%"
"Jul 13, 2021","32,728.1","33,106.1","33,307.7","32,259.5","60.04K","-1.16%"
"Jul 12, 2021","33,113.0","34,228.3","34,598.0","32,662.8","63.24K","-3.26%"
"Jul 11, 2021","34,227.7","33,510.8","34,580.6","33,319.8","35.72K","2.14%"
"Jul 10, 2021","33,510.6","33,797.7","34,221.0","33,056.8","50.94K","-0.85%"
"Jul 09, 2021","33,797.4","32,866.3","34,079.2","32,367.0","67.14K","2.83%"
"Jul 08, 2021","32,866.3","33,859.4","33,923.2","32,146.9","108.09K","-2.96%"
"Jul 07, 2021","33,867.8","34,228.7","35,036.6","33,801.3","72.03K","-1.05%"
"Jul 06, 2021","34,225.6","33,688.5","35,062.0","33,581.7","83.63K","1.60%"
"Jul 05, 2021","33,687.8","35,297.0","35,300.5","33,164.1","88.36K","-4.56%"
"Jul 04, 2021","35,298.2","34,742.8","35,957.6","34,740.1","56.13K","1.60%"
"Jul 03, 2021","34,742.8","33,814.2","34,909.8","33,363.3","55.69K","2.75%"
"Jul 02, 2021","33,813.4","33,542.2","33,925.9","32,734.6","78.93K","0.80%"
"Jul 01, 2021","33,543.6","35,030.7","35,032.7","32,839.2","27.41K","-4.23%"
"Jun 30, 2021","35,026.9","35,832.6","36,089.5","34,126.6","107.07K","-2.25%"
"Jun 29, 2021","35,834.7","34,477.3","36,590.3","34,247.6","97.27K","3.94%"
"Jun 28, 2021","34,475.9","34,682.2","35,231.2","33,944.9","112.00K","-0.58%"
"Jun 27, 2021","34,678.5","32,247.1","34,685.5","32,041.7","148.80K","7.55%"
"Jun 26, 2021","32,243.4","31,592.1","32,643.0","30,206.9","156.67K","2.06%"
"Jun 25, 2021","31,594.0","34,660.5","35,490.9","31,337.9","193.43K","-8.86%"
"Jun 24, 2021","34,665.8","33,678.1","35,249.9","32,356.7","119.25K","2.94%"
"Jun 23, 2021","33,674.3","32,498.3","34,784.3","31,736.5","173.34K","3.62%"
"Jun 22, 2021","32,496.4","31,682.7","33,272.5","28,901.8","309.65K","2.54%"
"Jun 21, 2021","31,692.0","35,597.9","35,708.4","31,284.1","256.87K","-10.97%"
"Jun 20, 2021","35,595.8","35,510.9","36,097.9","33,378.0","137.48K","0.23%"
"Jun 19, 2021","35,513.4","35,770.0","36,357.3","34,845.5","105.46K","-0.66%"
"Jun 18, 2021","35,749.4","38,045.5","38,166.0","35,198.5","102.84K","-6.05%"
"Jun 17, 2021","38,052.0","38,337.8","39,529.9","37,425.3","109.58K","-0.74%"
"Jun 16, 2021","38,336.0","40,148.1","40,494.4","38,156.4","123.52K","-4.53%"
"Jun 15, 2021","40,156.1","40,522.5","41,318.0","39,589.9","117.55K","-0.92%"
"Jun 14, 2021","40,529.4","39,024.1","40,970.4","38,769.9","157.35K","3.86%"
"Jun 13, 2021","39,022.9","35,467.5","39,321.6","34,827.0","123.32K","10.02%"
"Jun 12, 2021","35,467.5","37,334.4","37,437.3","34,703.3","87.73K","-4.95%"
"Jun 11, 2021","37,314.6","36,654.3","37,641.1","36,003.3","109.15K","1.81%"
"Jun 10, 2021","36,649.4","37,375.2","38,340.8","35,824.0","154.32K","-1.83%"
"Jun 09, 2021","37,332.2","33,385.5","37,517.6","32,428.6","209.82K","11.83%"
"Jun 08, 2021","33,382.9","33,574.6","34,047.8","31,158.1","193.54K","-0.58%"
"Jun 07, 2021","33,578.0","35,815.4","36,754.6","33,410.1","119.50K","-6.25%"
"Jun 06, 2021","35,815.4","35,518.7","36,434.0","35,265.3","62.20K","0.83%"
"Jun 05, 2021","35,520.0","36,841.2","37,887.6","34,832.0","101.48K","-3.61%"
"Jun 04, 2021","36,851.3","39,191.4","39,255.4","35,659.9","127.71K","-5.96%"
"Jun 03, 2021","39,187.3","37,555.7","39,462.3","37,193.6","106.44K","4.34%"
"Jun 02, 2021","37,555.8","36,687.7","38,199.9","35,981.1","96.89K","2.37%"
"Jun 01, 2021","36,687.6","37,294.3","37,850.3","35,742.7","113.48K","-1.64%"
"May 31, 2021","37,298.6","35,644.0","37,480.7","34,213.2","131.70K","4.62%"
"May 30, 2021","35,652.8","34,589.3","36,388.6","33,441.0","104.18K","3.09%"
"May 29, 2021","34,584.6","35,664.5","37,227.1","33,664.2","160.43K","-3.02%"
"May 28, 2021","35,662.5","38,543.2","38,844.1","34,772.4","199.58K","-7.17%"
"May 27, 2021","38,417.3","39,249.0","40,322.2","37,190.8","122.93K","-2.12%"
"May 26, 2021","39,249.2","38,375.7","40,750.0","37,847.0","153.80K","2.27%"
"May 25, 2021","38,378.3","38,753.6","39,740.8","36,540.7","163.01K","-0.96%"
"May 24, 2021","38,750.6","34,720.3","39,851.7","34,474.6","244.88K","11.74%"
"May 23, 2021","34,679.7","37,446.8","38,248.7","31,192.4","325.73K","-7.39%"
"May 22, 2021","37,448.3","37,291.0","38,776.0","35,314.9","185.83K","0.40%"
"May 21, 2021","37,297.4","40,611.2","42,108.3","33,592.3","315.50K","-8.40%"
"May 20, 2021","40,717.2","36,706.8","42,425.9","35,010.4","269.75K","10.88%"
"May 19, 2021","36,720.5","42,898.3","43,516.6","30,261.7","607.10K","-14.40%"
"May 18, 2021","42,897.3","43,538.5","45,770.9","42,293.9","154.96K","-1.48%"
"May 17, 2021","43,541.3","46,424.2","46,545.4","42,201.5","274.76K","-6.21%"
"May 16, 2021","46,426.4","46,729.3","49,764.3","43,920.8","180.07K","-0.60%"
"May 15, 2021","46,708.8","49,839.1","50,640.9","46,650.2","131.91K","-6.28%"
"May 14, 2021","49,839.8","49,704.9","51,459.2","48,874.0","118.84K","0.27%"
"May 13, 2021","49,704.6","49,398.2","51,337.3","46,331.1","236.71K","0.65%"
"May 12, 2021","49,384.2","56,694.5","57,938.5","49,187.0","160.74K","-12.90%"
"May 11, 2021","56,695.7","55,846.1","56,871.1","54,550.4","96.47K","1.52%"
"May 10, 2021","55,848.9","58,251.2","59,523.9","53,678.3","142.61K","-4.10%"
"May 09, 2021","58,238.3","58,840.6","59,227.0","56,414.4","103.59K","-1.02%"
"May 08, 2021","58,840.1","57,330.3","59,471.1","56,972.2","101.27K","2.62%"
"May 07, 2021","57,337.2","56,411.4","58,639.3","55,300.1","110.01K","1.65%"
"May 06, 2021","56,405.4","57,441.0","58,364.9","55,294.5","109.02K","-1.80%"
"May 05, 2021","57,441.3","53,872.5","57,936.4","53,872.5","119.82K","6.88%"
"May 04, 2021","53,741.5","57,170.6","57,201.3","53,741.5","132.33K","-6.00%"
"May 03, 2021","57,169.8","56,605.8","58,925.1","56,562.4","89.24K","1.00%"
"May 02, 2021","56,603.8","57,807.2","57,868.4","56,110.5","53.61K","-2.08%"
"May 01, 2021","57,807.1","57,719.1","58,449.4","57,029.5","63.41K","0.15%"
"Apr 30, 2021","57,720.3","53,562.3","57,925.6","53,088.7","103.74K","7.77%"
"Apr 29, 2021","53,560.8","54,838.6","55,173.7","52,400.0","83.90K","-2.34%"
"Apr 28, 2021","54,841.4","55,036.0","56,419.9","53,876.4","86.96K","-0.35%"
"Apr 27, 2021","55,036.5","54,011.1","55,427.8","53,345.0","84.08K","1.88%"
"Apr 26, 2021","54,020.5","48,963.5","54,320.9","48,815.9","129.76K","10.33%"
"Apr 25, 2021","48,963.6","50,088.2","50,532.4","47,098.5","59.20K","-2.25%"
"Apr 24, 2021","50,088.9","51,140.8","51,183.0","48,775.2","82.25K","-2.06%"
"Apr 23, 2021","51,143.6","51,707.1","52,099.9","47,659.4","214.46K","-1.13%"
"Apr 22, 2021","51,729.5","53,821.3","55,408.4","50,590.9","168.13K","-3.88%"
"Apr 21, 2021","53,820.2","56,479.5","56,764.4","53,657.6","100.26K","-4.71%"
"Apr 20, 2021","56,483.2","55,645.1","57,054.9","53,422.5","115.49K","1.50%"
"Apr 19, 2021","55,646.1","56,208.1","57,517.0","54,272.3","117.51K","-1.00%"
"Apr 18, 2021","56,207.1","60,043.2","60,362.1","51,817.6","216.81K","-6.39%"
"Apr 17, 2021","60,041.9","61,358.3","62,509.1","59,672.1","84.08K","-2.18%"
"Apr 16, 2021","61,379.7","63,211.6","63,518.5","60,027.3","136.85K","-2.90%"
"Apr 15, 2021","63,216.0","62,978.6","63,729.1","62,067.5","76.97K","0.37%"
"Apr 14, 2021","62,980.4","63,544.2","64,778.0","61,366.3","130.43K","-0.88%"
"Apr 13, 2021","63,540.9","59,863.6","63,659.0","59,839.4","126.56K","6.14%"
"Apr 12, 2021","59,863.8","59,982.1","61,259.9","59,569.2","81.88K","-0.19%"
"Apr 11, 2021","59,978.7","59,772.4","60,667.1","59,250.3","58.20K","0.39%"
"Apr 10, 2021","59,748.4","58,127.4","61,229.0","57,900.0","103.72K","2.80%"
"Apr 09, 2021","58,118.7","58,076.8","58,890.9","57,686.0","59.22K","0.07%"
"Apr 08, 2021","58,077.4","55,948.0","58,136.7","55,721.6","64.78K","3.80%"
"Apr 07, 2021","55,948.7","57,996.3","58,627.7","55,489.3","110.69K","-3.53%"
"Apr 06, 2021","57,996.3","59,169.0","59,487.0","57,403.3","77.15K","-1.69%"
"Apr 05, 2021","58,993.4","58,202.3","59,205.1","56,842.7","54.13K","1.36%"
"Apr 04, 2021","58,199.9","57,059.7","58,464.8","56,470.6","57.21K","2.00%"
"Apr 03, 2021","57,059.9","58,976.8","59,770.5","56,906.7","68.74K","-3.25%"
"Apr 02, 2021","58,977.3","58,718.2","60,134.9","58,466.5","72.37K","0.44%"
"Apr 01, 2021","58,718.3","58,763.2","59,406.5","58,040.7","69.04K","-0.08%"
"Mar 31, 2021","58,763.7","58,771.4","59,795.6","56,991.6","98.06K","-0.01%"
"Mar 30, 2021","58,771.3","57,614.6","59,366.9","57,077.1","86.21K","2.00%"
"Mar 29, 2021","57,616.2","55,764.7","58,392.6","54,951.1","107.91K","3.32%"
"Mar 28, 2021","55,765.2","55,856.9","56,504.2","54,711.3","58.71K","-0.17%"
"Mar 27, 2021","55,862.9","55,033.8","56,531.1","54,010.2","73.87K","1.50%"
"Mar 26, 2021","55,036.1","51,317.4","55,074.1","51,302.0","100.30K","7.24%"
"Mar 25, 2021","51,322.3","52,330.0","53,175.4","50,441.3","143.35K","-1.92%"
"Mar 24, 2021","52,325.4","54,309.1","57,169.4","51,725.4","137.91K","-3.91%"
"Mar 23, 2021","54,452.5","54,117.5","55,813.8","52,992.3","84.84K","0.54%"
"Mar 22, 2021","54,158.3","57,379.3","58,379.9","53,784.2","95.53K","-5.62%"
"Mar 21, 2021","57,383.8","58,097.4","58,583.8","55,583.3","77.47K","-1.22%"
"Mar 20, 2021","58,093.4","58,084.1","59,882.1","57,863.0","67.83K","0.01%"
"Mar 19, 2021","58,088.0","57,645.0","59,448.3","56,305.1","83.98K","0.75%"
"Mar 18, 2021","57,656.0","58,911.8","60,088.0","57,099.6","102.62K","-2.13%"
"Mar 17, 2021","58,913.5","56,892.9","58,933.2","54,253.2","118.26K","3.56%"
"Mar 16, 2021","56,889.7","55,619.5","56,889.7","53,342.6","128.51K","1.97%"
"Mar 15, 2021","55,791.3","59,117.4","60,565.9","55,088.8","117.71K","-5.62%"
"Mar 14, 2021","59,113.7","61,192.7","61,673.7","59,113.7","80.29K","-3.40%"
"Mar 13, 2021","61,195.3","57,267.4","61,795.8","56,118.8","134.64K","6.86%"
"Mar 12, 2021","57,265.1","57,806.2","58,052.3","55,134.5","116.96K","-0.92%"
"Mar 11, 2021","57,799.5","55,851.2","58,135.0","54,351.8","129.63K","3.49%"
"Mar 10, 2021","55,851.9","54,882.7","57,328.7","53,073.6","140.96K","1.77%"
"Mar 09, 2021","54,879.0","52,352.4","54,880.6","51,941.3","114.06K","4.91%"
"Mar 08, 2021","52,311.0","50,988.9","52,384.9","49,338.1","68.14K","2.61%"
"Mar 07, 2021","50,982.3","48,899.0","51,434.1","48,890.6","82.91K","4.35%"
"Mar 06, 2021","48,855.6","48,798.7","49,191.8","47,132.8","66.66K","0.13%"
"Mar 05, 2021","48,792.5","48,363.6","49,429.4","46,370.1","113.64K","0.75%"
"Mar 04, 2021","48,428.0","50,388.0","51,757.7","47,521.8","9.56K","-3.90%"
"Mar 03, 2021","50,395.1","48,422.2","52,567.9","48,159.2","44.93K","4.07%"
"Mar 02, 2021","48,424.2","49,595.6","50,191.9","47,100.6","102.10K","-2.36%"
"Mar 01, 2021","49,595.5","45,160.5","49,774.0","45,008.8","137.52K","9.81%"
"Feb 28, 2021","45,164.0","46,136.0","46,582.0","43,100.6","135.08K","-2.11%"
"Feb 27, 2021","46,136.7","46,333.1","48,335.1","45,059.4","98.75K","-0.45%"
"Feb 26, 2021","46,345.6","46,928.5","48,413.9","44,248.2","189.41K","-1.24%"
"Feb 25, 2021","46,928.5","49,695.9","52,013.8","46,773.7","83.22K","-5.57%"
"Feb 24, 2021","49,697.5","48,911.1","51,311.8","47,031.7","153.75K","1.61%"
"Feb 23, 2021","48,911.2","54,114.1","54,115.0","45,093.8","315.07K","-9.61%"
"Feb 22, 2021","54,111.8","57,437.6","57,480.8","48,353.8","244.95K","-5.78%"
"Feb 21, 2021","57,433.8","55,907.6","58,335.1","55,502.7","87.26K","2.70%"
"Feb 20, 2021","55,923.7","55,922.0","57,523.8","54,124.1","127.85K","0.03%"
"Feb 19, 2021","55,906.6","51,590.1","56,238.5","50,816.8","139.43K","8.38%"
"Feb 18, 2021","51,582.2","52,094.5","52,524.0","50,941.6","94.35K","-0.95%"
"Feb 17, 2021","52,079.2","49,161.3","52,577.7","49,018.1","140.03K","5.92%"
"Feb 16, 2021","49,169.7","47,934.2","50,515.8","47,044.4","141.37K","2.57%"
"Feb 15, 2021","47,936.3","48,611.1","48,936.5","45,786.1","123.18K","-1.45%"
"Feb 14, 2021","48,643.4","47,172.1","49,695.1","47,051.9","106.50K","3.13%"
"Feb 13, 2021","47,168.7","47,373.1","48,097.3","46,270.5","89.42K","-0.43%"
"Feb 12, 2021","47,371.7","47,995.0","48,927.4","46,218.6","133.73K","-1.29%"
"Feb 11, 2021","47,990.7","44,834.8","48,622.1","44,041.1","145.77K","7.04%"
"Feb 10, 2021","44,836.0","46,507.8","47,295.3","43,800.5","151.83K","-3.60%"
"Feb 09, 2021","46,508.6","46,396.4","48,143.5","45,104.7","193.87K","0.24%"
"Feb 08, 2021","46,395.7","38,853.6","46,596.4","38,057.0","248.47K","19.41%"
"Feb 07, 2021","38,852.9","39,228.9","39,691.7","37,381.6","125.37K","-1.03%"
"Feb 06, 2021","39,256.6","38,300.6","40,939.7","38,275.3","156.02K","2.50%"
"Feb 05, 2021","38,297.6","36,976.4","38,303.6","36,640.0","100.60K","3.56%"
"Feb 04, 2021","36,982.1","37,648.9","38,707.9","36,380.8","151.44K","-1.77%"
"Feb 03, 2021","37,646.8","35,486.9","37,646.8","35,401.5","131.03K","6.09%"
"Feb 02, 2021","35,485.2","33,514.0","35,976.1","33,462.4","120.85K","5.88%"
"Feb 01, 2021","33,515.7","33,106.8","34,685.6","32,324.9","126.32K","1.23%"
"Jan 31, 2021","33,108.1","34,281.6","34,348.3","32,189.9","101.92K","-3.43%"
"Jan 30, 2021","34,283.1","34,300.0","34,920.9","32,908.5","128.57K","-0.05%"
"Jan 29, 2021","34,301.8","33,381.7","38,546.0","31,953.3","297.73K","2.78%"
"Jan 28, 2021","33,374.8","30,408.9","33,790.8","29,911.9","167.39K","9.77%"
"Jan 27, 2021","30,404.0","32,499.6","32,545.4","29,290.4","194.35K","-6.46%"
"Jan 26, 2021","32,502.1","32,244.1","32,917.7","30,850.0","139.84K","0.77%"
"Jan 25, 2021","32,252.3","32,244.3","34,854.3","31,967.4","142.43K","0.03%"
"Jan 24, 2021","32,241.3","32,088.5","33,034.8","30,982.9","88.21K","0.47%"
"Jan 23, 2021","32,088.9","32,994.1","33,441.4","31,418.2","100.70K","-2.76%"
"Jan 22, 2021","33,000.5","30,838.7","33,821.2","28,871.2","243.09K","7.00%"
"Jan 21, 2021","30,842.1","35,472.3","35,591.1","30,101.8","253.27K","-13.06%"
"Jan 20, 2021","35,476.3","35,862.1","36,384.4","33,444.5","153.61K","-1.46%"
"Jan 19, 2021","36,002.9","36,630.6","37,821.0","36,001.4","79.11K","-1.67%"
"Jan 18, 2021","36,613.2","35,838.2","37,436.8","34,801.0","111.52K","2.16%"
"Jan 17, 2021","35,839.6","36,020.1","36,801.3","33,883.5","126.82K","-0.50%"
"Jan 16, 2021","36,019.5","36,751.8","37,931.7","35,408.4","137.02K","-2.24%"
"Jan 15, 2021","36,845.8","39,175.7","39,715.0","34,488.7","118.42K","-5.95%"
"Jan 14, 2021","39,175.7","37,383.4","40,054.3","36,772.1","172.40K","4.80%"
"Jan 13, 2021","37,382.2","34,061.2","37,764.6","32,451.9","209.93K","9.70%"
"Jan 12, 2021","34,076.1","35,426.0","36,598.7","32,572.7","241.93K","-4.13%"
"Jan 11, 2021","35,544.3","38,195.3","38,217.2","30,411.6","251.04K","-6.93%"
"Jan 10, 2021","38,192.2","40,149.7","41,362.4","35,141.6","215.78K","-4.88%"
"Jan 09, 2021","40,151.9","40,607.2","41,363.5","38,775.1","128.42K","-1.10%"
"Jan 08, 2021","40,599.3","39,466.4","41,921.7","36,613.4","251.29K","2.89%"
"Jan 07, 2021","39,460.2","36,798.5","40,340.9","36,361.2","249.60K","7.25%"
"Jan 06, 2021","36,793.2","33,999.3","36,934.8","33,408.3","227.56K","8.24%"
"Jan 05, 2021","33,991.5","32,015.4","34,414.7","30,010.5","202.13K","6.15%"
"Jan 04, 2021","32,022.6","33,016.6","33,587.5","28,204.5","255.27K","-2.84%"
"Jan 03, 2021","32,958.9","32,192.9","34,755.9","32,029.6","155.21K","2.38%"
"Jan 02, 2021","32,193.3","29,359.7","33,233.5","29,008.0","240.87K","9.65%"
"Jan 01, 2021","29,359.9","28,951.7","29,627.1","28,712.4","100.90K","1.42%"
"Dec 31, 2020","28,949.4","28,866.8","29,298.8","28,025.0","136.69K","0.28%"
"Dec 30, 2020","28,868.7","27,374.5","28,979.3","27,374.5","159.82K","5.45%"
"Dec 29, 2020","27,376.0","27,065.3","27,390.7","25,902.8","119.57K","1.18%"
"Dec 28, 2020","27,057.8","26,259.2","27,444.9","26,144.3","126.98K","3.03%"
"Dec 27, 2020","26,261.3","26,460.3","28,360.3","25,858.2","231.23K","-0.73%"
"Dec 26, 2020","26,454.4","24,714.7","26,826.0","24,515.1","155.77K","7.15%"
"Dec 25, 2020","24,689.6","23,728.7","24,778.9","23,445.3","2.40K","4.02%"
"Dec 24, 2020","23,736.5","23,253.2","23,783.7","22,737.3","104.59K","2.06%"
"Dec 23, 2020","23,257.9","23,820.8","24,063.7","22,694.7","178.47K","-2.37%"
"Dec 22, 2020","23,823.2","22,730.4","23,825.4","22,388.6","130.75K","4.82%"
"Dec 21, 2020","22,728.5","23,474.1","24,101.9","22,015.5","154.69K","-3.18%"
"Dec 20, 2020","23,474.9","23,843.6","24,280.9","23,098.9","114.09K","-1.55%"
"Dec 19, 2020","23,844.0","23,127.6","24,107.1","22,797.0","133.88K","3.10%"
"Dec 18, 2020","23,127.9","22,823.3","23,272.8","22,361.5","131.80K","1.33%"
"Dec 17, 2020","22,825.4","21,352.3","23,738.0","21,243.1","310.74K","6.90%"
"Dec 16, 2020","21,352.2","19,434.7","21,525.3","19,299.7","199.81K","9.87%"
"Dec 15, 2020","19,434.9","19,273.9","19,556.3","19,076.2","98.39K","0.84%"
"Dec 14, 2020","19,273.8","19,176.4","19,346.5","19,007.0","67.11K","0.51%"
"Dec 13, 2020","19,176.8","18,808.1","19,403.6","18,716.8","82.45K","1.96%"
"Dec 12, 2020","18,808.9","18,026.7","18,936.2","18,025.1","71.37K","4.36%"
"Dec 11, 2020","18,023.6","18,250.5","18,288.3","17,600.1","111.53K","-1.23%"
"Dec 10, 2020","18,247.2","18,546.1","18,551.8","17,926.8","85.31K","-1.61%"
"Dec 09, 2020","18,546.0","18,322.4","18,637.9","17,658.8","129.72K","1.20%"
"Dec 08, 2020","18,326.6","19,170.8","19,288.6","18,229.2","101.41K","-4.40%"
"Dec 07, 2020","19,170.7","19,368.4","19,424.6","18,908.8","61.98K","-1.08%"
"Dec 06, 2020","19,379.9","19,146.0","19,417.1","18,873.0","54.56K","1.22%"
"Dec 05, 2020","19,146.5","18,657.5","19,172.7","18,507.1","59.44K","2.62%"
"Dec 04, 2020","18,658.1","19,431.1","19,529.5","18,610.8","110.63K","-3.99%"
"Dec 03, 2020","19,433.3","19,219.8","19,596.6","18,883.7","99.97K","1.12%"
"Dec 02, 2020","19,218.8","18,767.9","19,335.5","18,346.7","91.92K","2.39%"
"Dec 01, 2020","18,770.7","19,697.8","19,897.4","18,257.0","208.72K","-4.71%"
"Nov 30, 2020","19,698.1","18,186.0","19,831.2","18,186.0","185.59K","8.32%"
"Nov 29, 2020","18,185.5","17,729.7","18,336.3","17,530.4","79.12K","2.57%"
"Nov 28, 2020","17,730.7","17,142.6","17,874.4","16,874.4","95.20K","3.52%"
"Nov 27, 2020","17,127.1","17,160.9","17,450.3","16,481.6","138.80K","-0.20%"
"Nov 26, 2020","17,162.0","18,721.9","18,894.9","16,235.2","312.07K","-8.34%"
"Nov 25, 2020","18,723.0","19,151.5","19,486.7","18,527.7","146.12K","-2.24%"
"Nov 24, 2020","19,152.6","18,394.6","19,416.6","18,074.8","180.79K","4.21%"
"Nov 23, 2020","18,379.6","18,428.1","18,756.8","18,016.0","127.35K","-0.18%"
"Nov 22, 2020","18,412.9","18,689.3","18,751.5","17,644.6","121.76K","-1.47%"
"Nov 21, 2020","18,687.2","18,673.8","18,966.0","18,397.5","108.91K","0.06%"
"Nov 20, 2020","18,675.2","17,805.5","18,811.0","17,758.4","134.42K","4.90%"
"Nov 19, 2020","17,803.5","17,775.1","18,166.0","17,380.1","135.94K","0.16%"
"Nov 18, 2020","17,774.6","17,662.3","18,466.1","17,258.9","233.43K","0.64%"
"Nov 17, 2020","17,662.3","16,715.8","17,845.4","16,562.0","175.87K","5.66%"
"Nov 16, 2020","16,715.8","15,954.1","16,880.7","15,870.7","118.09K","4.78%"
"Nov 15, 2020","15,953.0","16,074.7","16,158.1","15,782.3","58.43K","-0.73%"
"Nov 14, 2020","16,071.0","16,323.1","16,328.2","15,717.7","83.64K","-1.55%"
"Nov 13, 2020","16,324.2","16,293.0","16,474.1","15,973.4","113.75K","0.18%"
"Nov 12, 2020","16,294.7","15,695.8","16,342.7","15,483.5","165.54K","3.82%"
"Nov 11, 2020","15,695.8","15,303.1","15,953.9","15,281.0","119.07K","2.56%"
"Nov 10, 2020","15,303.6","15,328.0","15,465.3","15,096.5","93.36K","-0.15%"
"Nov 09, 2020","15,327.2","15,483.3","15,819.6","14,816.9","165.04K","-1.01%"
"Nov 08, 2020","15,483.7","14,826.6","15,648.3","14,720.7","94.99K","4.42%"
"Nov 07, 2020","14,828.4","15,578.2","15,754.4","14,385.1","160.73K","-4.81%"
"Nov 06, 2020","15,577.9","15,593.9","15,955.2","15,223.5","186.13K","-0.06%"
"Nov 05, 2020","15,587.1","14,145.6","15,739.9","14,099.7","227.49K","10.19%"
"Nov 04, 2020","14,145.6","14,023.0","14,238.8","13,544.4","140.80K","0.90%"
"Nov 03, 2020","14,019.9","13,560.5","14,054.0","13,294.6","108.17K","3.38%"
"Nov 02, 2020","13,561.4","13,759.7","13,828.4","13,214.2","97.76K","-1.44%"
"Nov 01, 2020","13,759.4","13,795.5","13,889.5","13,628.7","51.71K","-0.27%"
"Oct 31, 2020","13,797.3","13,560.2","14,065.4","13,441.7","102.75K","1.75%"
"Oct 30, 2020","13,559.9","13,457.0","13,667.9","13,134.5","108.77K","0.76%"
"Oct 29, 2020","13,457.2","13,278.3","13,640.0","12,982.9","111.23K","1.34%"
"Oct 28, 2020","13,278.9","13,658.3","13,851.7","12,907.6","144.18K","-2.77%"
"Oct 27, 2020","13,657.8","13,061.5","13,782.3","13,050.3","128.64K","4.56%"
"Oct 26, 2020","13,061.6","13,033.0","13,229.7","12,792.4","89.47K","0.23%"
"Oct 25, 2020","13,032.2","13,117.0","13,345.3","12,900.4","59.73K","-0.65%"
"Oct 24, 2020","13,117.2","12,933.6","13,161.5","12,876.4","51.20K","1.42%"
"Oct 23, 2020","12,934.1","12,972.7","13,025.5","12,738.9","73.94K","-0.31%"
"Oct 22, 2020","12,974.6","12,805.5","13,183.9","12,698.2","113.31K","1.30%"
"Oct 21, 2020","12,808.7","11,913.6","13,213.5","11,894.6","197.72K","7.51%"
"Oct 20, 2020","11,913.5","11,753.9","12,029.4","11,685.7","94.59K","1.36%"
"Oct 19, 2020","11,753.4","11,507.1","11,823.3","11,413.9","73.04K","2.14%"
"Oct 18, 2020","11,506.9","11,362.1","11,506.9","11,349.8","31.51K","1.27%"
"Oct 17, 2020","11,362.1","11,321.8","11,402.7","11,274.4","29.86K","0.35%"
"Oct 16, 2020","11,322.0","11,503.2","11,542.2","11,224.6","71.42K","-1.57%"
"Oct 15, 2020","11,503.0","11,421.4","11,590.9","11,276.7","70.84K","0.72%"
"Oct 14, 2020","11,420.4","11,424.4","11,541.0","11,293.5","59.12K","-0.03%"
"Oct 13, 2020","11,423.8","11,533.5","11,558.0","11,315.9","64.67K","-0.95%"
"Oct 12, 2020","11,533.9","11,370.8","11,715.9","11,227.4","84.02K","1.43%"
"Oct 11, 2020","11,371.0","11,295.6","11,439.4","11,277.6","41.06K","0.64%"
"Oct 10, 2020","11,298.4","11,053.5","11,475.0","11,053.1","65.81K","2.21%"
"Oct 09, 2020","11,054.2","10,923.5","11,103.0","10,836.9","70.95K","1.19%"
"Oct 08, 2020","10,924.1","10,670.7","10,948.6","10,549.6","79.78K","2.37%"
"Oct 07, 2020","10,670.9","10,601.0","10,680.1","10,553.3","49.27K","0.64%"
"Oct 06, 2020","10,602.6","10,790.2","10,800.3","10,530.8","69.07K","-1.73%"
"Oct 05, 2020","10,789.5","10,672.5","10,789.6","10,623.4","48.86K","1.09%"
"Oct 04, 2020","10,672.9","10,544.4","10,693.3","10,520.8","31.40K","1.22%"
"Oct 03, 2020","10,544.2","10,572.2","10,597.8","10,501.2","29.10K","-0.27%"
"Oct 02, 2020","10,572.3","10,619.6","10,662.9","10,387.6","77.94K","-0.45%"
"Oct 01, 2020","10,620.5","10,776.6","10,913.7","10,462.7","95.33K","-1.44%"
"Sep 30, 2020","10,776.1","10,843.4","10,847.7","10,667.6","55.55K","-0.60%"
"Sep 29, 2020","10,840.9","10,694.3","10,858.4","10,642.4","59.64K","1.38%"
"Sep 28, 2020","10,693.2","10,776.4","10,946.6","10,685.2","72.29K","-0.77%"
"Sep 27, 2020","10,776.2","10,727.9","10,799.2","10,602.7","40.92K","0.45%"
"Sep 26, 2020","10,727.9","10,688.9","10,793.3","10,650.2","37.85K","0.37%"
"Sep 25, 2020","10,688.8","10,739.9","10,756.0","10,558.9","71.43K","-0.47%"
"Sep 24, 2020","10,739.4","10,238.1","10,787.8","10,201.0","82.95K","4.90%"
"Sep 23, 2020","10,237.3","10,531.5","10,535.4","10,146.6","74.95K","-2.79%"
"Sep 22, 2020","10,531.5","10,419.4","10,570.7","10,361.7","63.52K","1.10%"
"Sep 21, 2020","10,416.8","10,919.9","10,987.2","10,328.5","109.85K","-4.62%"
"Sep 20, 2020","10,921.5","11,081.6","11,081.6","10,772.7","53.39K","-1.45%"
"Sep 19, 2020","11,081.8","10,933.0","11,177.1","10,890.7","51.63K","1.36%"
"Sep 18, 2020","10,933.0","10,941.3","11,029.7","10,818.7","63.48K","-0.08%"
"Sep 17, 2020","10,941.3","10,950.1","11,039.3","10,755.2","77.22K","-0.07%"
"Sep 16, 2020","10,949.5","10,785.2","11,093.3","10,669.2","94.94K","1.52%"
"Sep 15, 2020","10,785.3","10,675.2","10,931.8","10,627.8","91.70K","1.03%"
"Sep 14, 2020","10,675.3","10,332.7","10,744.3","10,264.5","96.64K","3.38%"
"Sep 13, 2020","10,326.0","10,441.7","10,579.6","10,219.4","66.12K","-1.11%"
"Sep 12, 2020","10,441.9","10,390.2","10,476.8","10,275.9","48.49K","0.50%"
"Sep 11, 2020","10,390.2","10,339.8","10,398.8","10,212.6","62.28K","0.49%"
"Sep 10, 2020","10,339.7","10,224.3","10,480.3","10,219.2","88.01K","1.13%"
"Sep 09, 2020","10,224.6","10,126.8","10,343.3","9,984.6","71.37K","0.97%"
"Sep 08, 2020","10,126.6","10,376.9","10,434.4","9,877.1","113.90K","-2.41%"
"Sep 07, 2020","10,376.9","10,296.4","10,400.9","9,887.0","12.40M","0.78%"
"Sep 06, 2020","10,296.4","10,092.2","10,337.7","10,004.7","12.12M","2.02%"
"Sep 05, 2020","10,092.2","10,472.3","10,558.7","9,897.8","14.72M","-3.63%"
"Sep 04, 2020","10,472.5","10,168.7","10,614.2","9,960.3","12.50M","2.99%"
"Sep 03, 2020","10,168.8","11,413.2","11,442.7","10,009.5","9.65M","-10.90%"
"Sep 02, 2020","11,413.3","11,914.4","11,947.5","11,244.9","20.26M","-4.21%"
"Sep 01, 2020","11,914.9","11,644.2","12,045.9","11,544.6","580.69K","2.32%"
"Aug 31, 2020","11,644.2","11,701.1","11,760.2","11,563.8","496.14K","-0.49%"
"Aug 30, 2020","11,702.0","11,468.1","11,704.2","11,462.6","409.36K","2.04%"
"Aug 29, 2020","11,468.1","11,527.8","11,576.8","11,433.5","389.85K","-0.51%"
"Aug 28, 2020","11,527.4","11,327.5","11,539.0","11,281.9","464.94K","1.77%"
"Aug 27, 2020","11,327.4","11,462.3","11,580.3","11,135.3","560.59K","-1.18%"
"Aug 26, 2020","11,462.3","11,324.9","11,533.6","11,254.6","513.06K","1.21%"
"Aug 25, 2020","11,324.8","11,752.9","11,766.9","11,131.0","594.07K","-3.65%"
"Aug 24, 2020","11,753.5","11,641.6","11,824.6","11,587.1","429.13K","0.96%"
"Aug 23, 2020","11,641.6","11,661.1","11,705.4","11,520.8","377.33K","-0.17%"
"Aug 22, 2020","11,661.3","11,529.2","11,677.0","11,382.1","433.98K","1.15%"
"Aug 21, 2020","11,529.2","11,856.9","11,877.4","11,495.6","506.38K","-2.76%"
"Aug 20, 2020","11,856.9","11,751.0","11,881.0","11,672.7","430.93K","0.91%"
"Aug 19, 2020","11,750.2","11,944.4","12,013.2","11,602.6","550.26K","-1.65%"
"Aug 18, 2020","11,947.6","12,283.0","12,381.4","11,842.0","606.79K","-2.73%"
"Aug 17, 2020","12,282.6","11,898.8","12,444.1","11,764.0","628.41K","3.22%"
"Aug 16, 2020","11,899.0","11,845.5","11,922.5","11,688.9","410.81K","0.45%"
"Aug 15, 2020","11,845.3","11,751.1","11,964.0","11,711.5","499.10K","0.80%"
"Aug 14, 2020","11,750.8","11,771.1","11,835.5","11,651.5","435.44K","-0.17%"
"Aug 13, 2020","11,770.9","11,557.2","11,772.9","11,298.4","545.67K","1.85%"
"Aug 12, 2020","11,557.2","11,390.4","11,605.4","11,190.6","549.59K","1.46%"
"Aug 11, 2020","11,390.4","11,889.2","11,931.8","11,146.7","615.90K","-4.19%"
"Aug 10, 2020","11,889.2","11,681.1","12,041.1","11,546.9","564.11K","1.78%"
"Aug 09, 2020","11,681.2","11,764.4","11,792.8","11,527.5","303.00K","-0.71%"
"Aug 08, 2020","11,764.3","11,591.6","11,805.5","11,533.5","317.06K","1.49%"
"Aug 07, 2020","11,592.0","11,757.1","11,901.8","11,352.4","517.00K","-1.40%"
"Aug 06, 2020","11,757.1","11,735.0","11,898.4","11,563.0","554.85K","0.19%"
"Aug 05, 2020","11,735.1","11,184.8","11,771.5","11,114.5","570.83K","4.92%"
"Aug 04, 2020","11,184.7","11,223.8","11,407.8","11,043.0","485.79K","-0.35%"
"Aug 03, 2020","11,224.4","11,066.9","11,461.1","10,981.6","470.24K","1.42%"
"Aug 02, 2020","11,066.8","11,802.6","12,061.1","10,730.7","647.95K","-6.24%"
"Aug 01, 2020","11,803.1","11,333.2","11,847.7","11,226.1","611.47K","4.14%"
"Jul 31, 2020","11,333.4","11,096.5","11,434.8","10,964.6","530.95K","2.14%"
"Jul 30, 2020","11,096.2","11,105.8","11,164.4","10,861.6","501.14K","-0.09%"
"Jul 29, 2020","11,105.9","10,908.4","11,336.5","10,771.8","576.83K","1.81%"
"Jul 28, 2020","10,908.5","10,961.1","11,046.1","10,873.6","658.37K","-1.04%"
"Jul 27, 2020","11,022.8","9,932.7","11,367.0","9,894.6","908.99K","10.98%"
"Jul 26, 2020","9,932.5","9,690.0","10,086.6","9,645.9","415.07K","2.35%"
"Jul 25, 2020","9,704.1","9,546.7","9,729.3","9,536.2","306.29K","1.65%"
"Jul 24, 2020","9,546.4","9,599.2","9,626.2","9,480.5","359.16K","-0.55%"
"Jul 23, 2020","9,599.6","9,513.6","9,646.5","9,451.1","425.66K","0.90%"
"Jul 22, 2020","9,513.7","9,387.4","9,523.1","9,296.0","386.00K","1.35%"
"Jul 21, 2020","9,387.3","9,162.3","9,426.9","9,155.1","458.99K","2.46%"
"Jul 20, 2020","9,162.4","9,208.1","9,218.4","9,139.9","312.98K","-0.50%"
"Jul 19, 2020","9,208.0","9,170.1","9,224.8","9,106.4","265.25K","0.41%"
"Jul 18, 2020","9,170.2","9,155.8","9,198.8","9,126.7","276.40K","0.16%"
"Jul 17, 2020","9,155.8","9,135.4","9,181.9","9,091.5","310.92K","0.22%"
"Jul 16, 2020","9,135.3","9,198.7","9,224.2","9,052.0","429.04K","-0.69%"
"Jul 15, 2020","9,198.7","9,253.6","9,270.2","9,168.7","429.84K","-0.59%"
"Jul 14, 2020","9,253.4","9,243.1","9,274.8","9,135.7","453.83K","0.11%"
"Jul 13, 2020","9,243.6","9,300.5","9,329.6","9,207.6","456.87K","-0.62%"
"Jul 12, 2020","9,300.8","9,234.2","9,337.8","9,170.4","366.88K","0.73%"
"Jul 11, 2020","9,233.3","9,285.8","9,295.5","9,184.2","353.92K","-0.56%"
"Jul 10, 2020","9,285.1","9,239.0","9,309.8","9,131.9","418.47K","0.53%"
"Jul 09, 2020","9,235.7","9,430.1","9,434.5","9,176.0","444.27K","-2.06%"
"Jul 08, 2020","9,429.9","9,256.3","9,458.3","9,233.1","509.94K","1.88%"
"Jul 07, 2020","9,256.0","9,338.8","9,371.2","9,209.3","420.55K","-0.89%"
"Jul 06, 2020","9,339.0","9,080.4","9,363.0","9,063.2","510.27K","2.84%"
"Jul 05, 2020","9,081.0","9,134.3","9,149.6","8,932.1","314.10K","-0.58%"
"Jul 04, 2020","9,134.4","9,067.1","9,182.3","9,049.6","261.25K","0.74%"
"Jul 03, 2020","9,067.1","9,085.0","9,120.4","9,050.9","333.88K","-0.20%"
"Jul 02, 2020","9,085.1","9,229.9","9,259.7","8,962.1","483.10K","-1.57%"
"Jul 01, 2020","9,229.9","9,135.9","9,289.0","9,101.1","366.78K","1.03%"
"Jun 30, 2020","9,135.4","9,186.0","9,199.8","9,075.3","381.73K","-0.54%"
"Jun 29, 2020","9,185.4","9,122.8","9,229.1","9,033.6","401.12K","0.67%"
"Jun 28, 2020","9,124.0","9,008.4","9,185.5","8,950.2","329.01K","1.28%"
"Jun 27, 2020","9,008.3","9,160.5","9,190.5","8,865.3","441.93K","-1.66%"
"Jun 26, 2020","9,160.0","9,247.5","9,296.5","9,060.1","489.84K","-0.95%"
"Jun 25, 2020","9,247.5","9,300.8","9,327.3","9,022.6","524.45K","-0.59%"
"Jun 24, 2020","9,302.0","9,624.6","9,667.4","9,223.0","515.78K","-3.35%"
"Jun 23, 2020","9,624.6","9,683.9","9,715.6","9,581.8","375.49K","-0.61%"
"Jun 22, 2020","9,683.7","9,296.5","9,751.9","9,285.8","523.32K","4.17%"
"Jun 21, 2020","9,296.4","9,358.8","9,411.2","9,288.5","335.99K","-0.67%"
"Jun 20, 2020","9,358.8","9,314.0","9,394.5","9,199.8","383.44K","0.48%"
"Jun 19, 2020","9,314.0","9,390.3","9,424.0","9,249.6","478.49K","-0.79%"
"Jun 18, 2020","9,388.1","9,464.6","9,480.4","9,289.3","391.67K","-0.81%"
"Jun 17, 2020","9,464.6","9,523.6","9,543.6","9,258.2","446.45K","-0.62%"
"Jun 16, 2020","9,523.5","9,425.6","9,577.1","9,379.3","545.47K","1.04%"
"Jun 15, 2020","9,425.4","9,345.5","9,489.7","8,925.6","750.90K","0.86%"
"Jun 14, 2020","9,345.3","9,470.7","9,474.7","9,264.4","311.27K","-1.33%"
"Jun 13, 2020","9,471.3","9,466.5","9,484.9","9,369.9","364.97K","0.05%"
"Jun 12, 2020","9,466.6","9,283.7","9,547.5","9,249.4","529.28K","1.97%"
"Jun 11, 2020","9,283.2","9,878.9","9,945.2","9,139.1","919.30K","-6.03%"
"Jun 10, 2020","9,878.8","9,768.8","9,970.9","9,710.7","533.55K","1.13%"
"Jun 09, 2020","9,768.8","9,777.7","9,857.2","9,616.6","479.55K","-0.09%"
"Jun 08, 2020","9,777.9","9,743.4","9,788.2","9,662.3","431.04K","0.36%"
"Jun 07, 2020","9,742.6","9,669.6","9,791.8","9,417.4","549.20K","0.76%"
"Jun 06, 2020","9,669.6","9,630.8","9,733.1","9,549.5","370.85K","0.40%"
"Jun 05, 2020","9,631.2","9,794.0","9,846.1","9,628.7","527.05K","-1.67%"
"Jun 04, 2020","9,794.4","9,667.2","9,864.4","9,490.9","593.66K","1.32%"
"Jun 03, 2020","9,667.2","9,527.0","9,667.2","9,421.7","558.12K","1.47%"
"Jun 02, 2020","9,527.6","10,190.7","10,207.3","9,347.3","1.06M","-6.49%"
"Jun 01, 2020","10,189.3","9,454.5","10,301.8","9,429.7","796.68K","7.77%"
"May 31, 2020","9,454.8","9,692.9","9,695.6","9,406.2","645.27K","-2.45%"
"May 30, 2020","9,692.5","9,424.8","9,729.9","9,352.7","720.62K","2.84%"
"May 29, 2020","9,424.8","9,573.4","9,596.5","9,358.1","814.33K","-1.54%"
"May 28, 2020","9,572.2","9,199.8","9,610.8","9,119.2","948.86K","4.06%"
"May 27, 2020","9,199.1","8,842.3","9,210.9","8,818.6","810.89K","4.03%"
"May 26, 2020","8,842.5","8,897.7","8,994.6","8,713.9","784.92K","-0.63%"
"May 25, 2020","8,898.2","8,728.0","8,959.5","8,666.1","941.89K","1.95%"
"May 24, 2020","8,728.2","9,177.9","9,292.0","8,724.1","1.11M","-4.89%"
"May 23, 2020","9,177.0","9,169.8","9,303.2","9,098.9","812.56K","0.08%"
"May 22, 2020","9,169.7","9,058.2","9,253.5","8,952.1","914.59K","1.22%"
"May 21, 2020","9,059.0","9,511.6","9,567.1","8,833.6","1.41M","-4.76%"
"May 20, 2020","9,512.3","9,773.0","9,829.3","9,368.4","1.15M","-2.67%"
"May 19, 2020","9,773.3","9,730.8","9,883.9","9,498.7","1.16M","0.44%"
"May 18, 2020","9,730.7","9,678.4","9,930.2","9,524.4","1.18M","0.55%"
"May 17, 2020","9,677.7","9,376.6","9,866.0","9,327.8","1.18M","3.18%"
"May 16, 2020","9,379.5","9,318.1","9,579.0","9,233.0","1.10M","0.66%"
"May 15, 2020","9,318.0","9,778.6","9,819.6","9,223.2","1.56M","-4.71%"
"May 14, 2020","9,778.4","9,298.7","9,887.5","9,265.8","1.77M","5.16%"
"May 13, 2020","9,298.7","8,813.9","9,384.6","8,799.1","1.50M","5.50%"
"May 12, 2020","8,813.8","8,569.8","8,964.5","8,542.8","1.35M","2.73%"
"May 11, 2020","8,579.8","8,737.6","9,129.6","8,235.6","2.29M","-1.82%"
"May 10, 2020","8,738.8","9,553.9","9,569.4","8,259.3","2.47M","-8.54%"
"May 09, 2020","9,554.6","9,806.0","9,910.5","9,533.6","1.49M","-2.57%"
"May 08, 2020","9,806.2","9,980.1","10,018.2","9,731.4","1.42M","-1.74%"
"May 07, 2020","9,979.8","9,152.7","10,033.0","9,064.8","1.91M","9.05%"
"May 06, 2020","9,151.4","9,000.6","9,373.7","8,923.6","1.62M","1.67%"
"May 05, 2020","9,001.0","8,874.2","9,078.7","8,800.4","1.05M","1.42%"
"May 04, 2020","8,874.7","8,885.5","8,945.5","8,553.2","1.12M","-0.12%"
"May 03, 2020","8,885.5","8,966.2","9,169.9","8,742.2","1.15M","-0.90%"
"May 02, 2020","8,966.3","8,821.6","8,986.2","8,771.3","890.34K","1.64%"
"May 01, 2020","8,821.6","8,628.6","9,040.3","8,621.0","1.11M","2.23%"
"Apr 30, 2020","8,629.0","8,770.6","9,437.5","8,425.5","2.04M","-1.62%"
"Apr 29, 2020","8,770.9","7,746.7","8,918.5","7,729.7","1.83M","13.22%"
"Apr 28, 2020","7,746.9","7,766.0","7,770.1","7,655.3","808.09K","-0.25%"
"Apr 27, 2020","7,766.0","7,679.4","7,768.5","7,637.7","980.50K","1.13%"
"Apr 26, 2020","7,678.9","7,540.4","7,679.4","7,520.5","921.59K","1.84%"
"Apr 25, 2020","7,540.4","7,503.9","7,684.6","7,451.0","861.93K","0.49%"
"Apr 24, 2020","7,503.8","7,491.3","7,583.5","7,423.5","951.95K","0.20%"
"Apr 23, 2020","7,488.5","7,112.8","7,655.4","7,036.5","1.34M","5.28%"
"Apr 22, 2020","7,112.9","6,842.5","7,137.4","6,821.8","914.18K","3.95%"
"Apr 21, 2020","6,842.5","6,833.4","6,919.3","6,774.3","892.57K","0.13%"
"Apr 20, 2020","6,833.5","7,122.9","7,207.5","6,771.2","1.26M","-4.06%"
"Apr 19, 2020","7,122.9","7,230.9","7,238.0","7,079.1","5.93M","-1.49%"
"Apr 18, 2020","7,230.8","7,035.9","7,259.4","7,031.5","796.45K","2.77%"
"Apr 17, 2020","7,035.8","7,085.5","7,142.8","7,005.8","810.10K","-0.70%"
"Apr 16, 2020","7,085.6","6,629.1","7,159.7","6,520.5","1.54M","6.89%"
"Apr 15, 2020","6,629.1","6,851.3","6,929.5","6,615.9","1.00M","-3.24%"
"Apr 14, 2020","6,850.9","6,841.8","6,970.8","6,768.6","999.53K","0.14%"
"Apr 13, 2020","6,841.3","6,918.1","6,920.3","6,618.5","1.25M","-1.10%"
"Apr 12, 2020","6,917.6","6,867.9","7,158.8","6,785.1","1.10M","0.73%"
"Apr 11, 2020","6,867.8","6,862.7","6,931.4","6,765.1","845.58K","0.07%"
"Apr 10, 2020","6,863.1","7,289.0","7,294.4","6,756.1","1.37M","-5.84%"
"Apr 09, 2020","7,289.0","7,361.1","7,361.1","7,140.3","963.55K","-0.98%"
"Apr 08, 2020","7,361.2","7,185.6","7,396.1","7,153.1","983.94K","2.45%"
"Apr 07, 2020","7,185.2","7,332.3","7,440.3","7,101.7","1.32M","-2.01%"
"Apr 06, 2020","7,332.3","6,772.8","7,335.0","6,770.1","1.53M","8.26%"
"Apr 05, 2020","6,772.7","6,857.5","6,889.4","6,686.0","842.33K","-1.23%"
"Apr 04, 2020","6,857.4","6,735.9","6,958.6","6,679.1","1.05M","1.80%"
"Apr 03, 2020","6,735.9","6,799.9","7,026.3","6,623.6","1.35M","-0.95%"
"Apr 02, 2020","6,800.5","6,638.8","7,182.7","6,567.9","1.74M","2.44%"
"Apr 01, 2020","6,638.5","6,412.4","6,661.3","6,157.4","1.40M","3.52%"
"Mar 31, 2020","6,412.5","6,391.1","6,513.1","6,346.3","1.05M","0.34%"
"Mar 30, 2020","6,391.0","5,890.4","6,576.5","5,872.5","1.43M","8.50%"
"Mar 29, 2020","5,890.4","6,233.2","6,258.8","5,889.3","916.17K","-5.51%"
"Mar 28, 2020","6,233.7","6,373.4","6,374.3","6,046.5","1.26M","-2.19%"
"Mar 27, 2020","6,373.4","6,725.5","6,813.7","6,322.3","1.16M","-5.23%"
"Mar 26, 2020","6,725.1","6,677.9","6,772.9","6,541.7","1.18M","0.69%"
"Mar 25, 2020","6,678.9","6,744.8","6,930.2","6,474.6","1.52M","-0.97%"
"Mar 24, 2020","6,744.6","6,468.8","6,814.2","6,380.8","1.73M","4.26%"
"Mar 23, 2020","6,468.9","5,822.0","6,564.7","5,710.8","1.88M","11.11%"
"Mar 22, 2020","5,822.1","6,186.9","6,394.4","5,771.2","1.48M","-5.89%"
"Mar 21, 2020","6,186.2","6,205.6","6,438.3","5,887.0","1.64M","-0.31%"
"Mar 20, 2020","6,205.3","6,171.6","6,858.1","5,748.2","2.22M","0.54%"
"Mar 19, 2020","6,172.0","5,359.2","6,379.5","5,256.0","2.18M","15.12%"
"Mar 18, 2020","5,361.4","5,260.7","5,373.1","5,020.9","1.80M","1.91%"
"Mar 17, 2020","5,261.1","5,030.2","5,432.8","4,946.5","1.89M","4.59%"
"Mar 16, 2020","5,030.0","5,366.4","5,369.3","4,477.7","2.55M","-6.27%"
"Mar 15, 2020","5,366.3","5,182.9","5,863.3","5,120.6","1.61M","3.54%"
"Mar 14, 2020","5,182.7","5,589.4","5,634.9","5,072.2","1.69M","-7.19%"
"Mar 13, 2020","5,584.3","4,815.2","5,934.3","3,869.5","4.17M","15.71%"
"Mar 12, 2020","4,826.0","7,935.2","7,963.1","4,546.6","3.22M","-39.18%"
"Mar 11, 2020","7,935.1","7,892.1","7,976.5","7,606.0","1.10M","0.56%"
"Mar 10, 2020","7,891.2","7,933.0","8,145.5","7,740.2","1.20M","-0.53%"
"Mar 09, 2020","7,933.0","8,035.8","8,158.8","7,648.7","1.54M","-1.26%"
"Mar 08, 2020","8,034.1","8,887.8","8,888.0","8,015.3","1.11M","-9.61%"
"Mar 07, 2020","8,887.8","9,134.2","9,180.8","8,848.7","750.65K","-2.70%"
"Mar 06, 2020","9,134.8","9,060.6","9,165.2","9,004.9","1.04M","0.82%"
"Mar 05, 2020","9,060.3","8,757.9","9,147.3","8,751.5","950.76K","3.45%"
"Mar 04, 2020","8,757.9","8,761.3","8,840.3","8,679.7","759.69K","-0.04%"
"Mar 03, 2020","8,761.4","8,906.1","8,911.7","8,669.3","1.01M","-1.61%"
"Mar 02, 2020","8,904.8","8,537.5","8,961.8","8,503.1","1.02M","4.27%"
"Mar 01, 2020","8,540.0","8,543.8","8,737.2","8,437.2","784.05K","-0.04%"
"Feb 29, 2020","8,543.7","8,697.1","8,793.7","8,539.8","683.44K","-1.77%"
"Feb 28, 2020","8,697.5","8,820.1","8,898.7","8,451.9","1.08M","-1.37%"
"Feb 27, 2020","8,818.6","8,800.1","8,968.3","8,538.5","1.13M","0.21%"
"Feb 26, 2020","8,800.3","9,317.1","9,368.1","8,672.0","1.32M","-5.55%"
"Feb 25, 2020","9,317.2","9,662.6","9,672.3","9,269.8","937.97K","-3.57%"
"Feb 24, 2020","9,662.7","9,943.2","9,981.0","9,507.0","980.00K","-2.82%"
"Feb 23, 2020","9,942.7","9,655.6","9,965.6","9,653.4","775.88K","2.97%"
"Feb 22, 2020","9,655.7","9,684.5","9,706.5","9,569.8","589.88K","-0.30%"
"Feb 21, 2020","9,684.5","9,602.2","9,747.1","9,574.5","716.61K","0.85%"
"Feb 20, 2020","9,602.4","9,611.9","9,681.4","9,448.9","870.80K","-0.07%"
"Feb 19, 2020","9,609.4","10,158.6","10,230.9","9,424.3","905.95K","-5.40%"
"Feb 18, 2020","10,158.4","9,701.5","10,230.1","9,601.6","945.91K","4.71%"
"Feb 17, 2020","9,701.4","9,931.7","9,951.5","9,468.9","961.88K","-2.32%"
"Feb 16, 2020","9,932.3","9,907.4","10,056.4","9,654.9","808.91K","0.25%"
"Feb 15, 2020","9,907.7","10,336.0","10,369.8","9,831.7","808.81K","-4.12%"
"Feb 14, 2020","10,333.0","10,235.5","10,372.4","10,125.2","732.51K","0.96%"
"Feb 13, 2020","10,235.1","10,321.9","10,482.6","10,116.9","940.30K","-0.80%"
"Feb 12, 2020","10,317.7","10,229.3","10,435.6","10,229.3","803.25K","0.86%"
"Feb 11, 2020","10,229.5","9,854.0","10,314.1","9,725.1","791.28K","3.81%"
"Feb 10, 2020","9,854.1","10,151.5","10,181.7","9,774.8","781.22K","-2.93%"
"Feb 09, 2020","10,151.5","9,895.4","10,157.1","9,882.7","617.35K","2.59%"
"Feb 08, 2020","9,895.5","9,817.3","9,931.2","9,673.2","551.31K","0.78%"
"Feb 07, 2020","9,818.6","9,771.9","9,872.5","9,738.7","608.96K","0.48%"
"Feb 06, 2020","9,772.0","9,611.8","9,854.9","9,536.1","778.67K","1.67%"
"Feb 05, 2020","9,611.8","9,194.1","9,726.8","9,179.9","771.46K","4.54%"
"Feb 04, 2020","9,193.9","9,296.5","9,347.5","9,193.9","651.68K","-1.10%"
"Feb 03, 2020","9,296.6","9,334.6","9,582.8","9,243.1","701.39K","-0.41%"
"Feb 02, 2020","9,334.9","9,381.5","9,465.4","9,183.1","683.37K","-0.50%"
"Feb 01, 2020","9,381.6","9,349.3","9,458.8","9,301.5","458.42K","0.35%"
"Jan 31, 2020","9,349.1","9,508.3","9,525.0","9,222.3","633.37K","-1.66%"
"Jan 30, 2020","9,507.3","9,299.1","9,569.0","9,209.2","765.21K","2.24%"
"Jan 29, 2020","9,298.9","9,377.3","9,428.7","9,250.9","749.88K","-0.84%"
"Jan 28, 2020","9,377.3","8,866.6","9,389.5","8,866.6","954.20K","5.76%"
"Jan 27, 2020","8,866.6","8,608.1","8,983.1","8,585.6","706.45K","3.01%"
"Jan 26, 2020","8,607.8","8,341.6","8,607.8","8,304.9","468.34K","3.19%"
"Jan 25, 2020","8,341.6","8,439.9","8,447.6","8,277.2","444.00K","-1.17%"
"Jan 24, 2020","8,439.9","8,404.9","8,522.0","8,242.6","617.02K","0.41%"
"Jan 23, 2020","8,405.1","8,678.5","8,687.3","8,309.6","722.67K","-3.15%"
"Jan 22, 2020","8,678.5","8,733.0","8,805.4","8,610.8","509.06K","-0.62%"
"Jan 21, 2020","8,732.6","8,642.0","8,770.3","8,524.0","540.20K","1.05%"
"Jan 20, 2020","8,641.9","8,705.7","8,740.1","8,539.2","599.06K","-0.74%"
"Jan 19, 2020","8,706.2","8,916.3","9,183.7","8,552.8","975.01K","-2.36%"
"Jan 18, 2020","8,916.3","8,913.0","8,982.3","8,814.6","627.74K","0.04%"
"Jan 17, 2020","8,913.1","8,726.7","9,005.1","8,675.9","794.11K","2.13%"
"Jan 16, 2020","8,726.9","8,818.1","8,850.0","8,605.8","748.32K","-1.04%"
"Jan 15, 2020","8,818.3","8,827.9","8,904.0","8,615.5","1.17M","-0.12%"
"Jan 14, 2020","8,829.2","8,111.2","8,898.7","8,111.2","1.48M","8.85%"
"Jan 13, 2020","8,111.4","8,188.3","8,196.7","8,068.4","610.66K","-0.93%"
"Jan 12, 2020","8,187.6","8,023.3","8,189.9","7,973.1","595.22K","2.04%"
"Jan 11, 2020","8,024.1","8,187.8","8,262.9","8,008.4","776.75K","-1.99%"
"Jan 10, 2020","8,187.1","7,842.5","8,187.4","7,697.7","1.05M","4.40%"
"Jan 09, 2020","7,842.4","8,060.0","8,065.9","7,779.2","786.50K","-2.70%"
"Jan 08, 2020","8,059.6","8,154.2","8,436.4","7,900.8","1.19M","-1.18%"
"Jan 07, 2020","8,155.7","7,759.1","8,182.0","7,754.1","1.01M","5.11%"
"Jan 06, 2020","7,759.1","7,372.6","7,783.1","7,366.7","786.75K","5.24%"
"Jan 05, 2020","7,372.5","7,376.8","7,501.0","7,345.6","628.14K","-0.06%"
"Jan 04, 2020","7,376.8","7,345.1","7,433.1","7,291.4","523.91K","0.46%"
"Jan 03, 2020","7,343.1","6,967.1","7,402.9","6,884.1","936.29K","5.40%"
"Jan 02, 2020","6,967.0","7,199.7","7,209.6","6,901.4","632.78K","-3.23%"
"Jan 01, 2020","7,199.8","7,196.4","7,259.4","7,180.0","420.28K","0.05%"
"Dec 31, 2019","7,196.4","7,261.5","7,331.0","7,167.4","586.60K","-0.90%"
"Dec 30, 2019","7,261.8","7,397.5","7,420.9","7,244.1","606.11K","-1.84%"
"Dec 29, 2019","7,397.5","7,321.6","7,518.9","7,303.0","611.69K","1.04%"
"Dec 28, 2019","7,321.5","7,261.9","7,375.9","7,256.5","610.96K","0.82%"
"Dec 27, 2019","7,261.7","7,210.8","7,293.8","7,128.5","718.07K","0.70%"
"Dec 26, 2019","7,210.9","7,225.0","7,414.3","7,177.3","795.09K","-0.19%"
"Dec 25, 2019","7,224.8","7,268.3","7,542.4","7,150.9","625.41K","-0.60%"
"Dec 24, 2019","7,268.3","7,322.4","7,433.2","7,185.7","785.54K","-0.74%"
"Dec 23, 2019","7,322.8","7,496.2","7,684.0","7,276.2","952.16K","-2.31%"
"Dec 22, 2019","7,495.8","7,156.3","7,501.1","7,142.0","677.94K","4.74%"
"Dec 21, 2019","7,156.2","7,196.4","7,197.6","7,129.6","468.74K","-0.56%"
"Dec 20, 2019","7,196.4","7,165.5","7,218.4","7,107.7","627.04K","0.43%"
"Dec 19, 2019","7,165.5","7,276.4","7,354.0","7,039.3","778.72K","-1.52%"
"Dec 18, 2019","7,276.0","6,613.5","7,387.7","6,462.2","1.14M","10.02%"
"Dec 17, 2019","6,613.3","6,903.5","6,943.5","6,575.0","894.55K","-4.20%"
"Dec 16, 2019","6,903.5","7,128.5","7,153.1","6,864.6","689.56K","-3.16%"
"Dec 15, 2019","7,128.5","7,080.8","7,175.8","7,033.8","492.58K","0.67%"
"Dec 14, 2019","7,080.8","7,255.2","7,267.4","7,043.3","524.56K","-2.40%"
"Dec 13, 2019","7,255.2","7,208.4","7,288.0","7,200.3","503.49K","0.65%"
"Dec 12, 2019","7,208.0","7,208.0","7,272.4","7,124.6","611.80K","0.00%"
"Dec 11, 2019","7,208.0","7,235.8","7,284.4","7,168.8","518.40K","-0.38%"
"Dec 10, 2019","7,235.7","7,356.2","7,400.3","7,192.1","609.50K","-1.63%"
"Dec 09, 2019","7,355.8","7,524.8","7,626.0","7,321.6","648.66K","-2.24%"
"Dec 08, 2019","7,524.4","7,510.8","7,576.4","7,416.7","499.04K","0.18%"
"Dec 07, 2019","7,510.9","7,530.4","7,595.7","7,489.6","557.14K","-0.26%"
"Dec 06, 2019","7,530.8","7,399.2","7,552.1","7,329.8","706.10K","1.78%"
"Dec 05, 2019","7,399.2","7,204.6","7,476.3","7,184.0","780.78K","2.70%"
"Dec 04, 2019","7,204.4","7,291.9","7,702.2","7,113.6","971.75K","-1.20%"
"Dec 03, 2019","7,291.8","7,298.1","7,389.4","7,227.1","548.77K","-0.09%"
"Dec 02, 2019","7,298.2","7,395.9","7,433.8","7,173.6","687.78K","-1.33%"
"Dec 01, 2019","7,396.4","7,546.5","7,546.5","7,244.4","777.00K","-1.99%"
"Nov 30, 2019","7,546.6","7,742.7","7,787.7","7,472.7","650.60K","-2.53%"
"Nov 29, 2019","7,742.7","7,426.6","7,825.3","7,412.3","766.71K","4.26%"
"Nov 28, 2019","7,426.7","7,510.6","7,639.5","7,380.6","737.58K","-1.12%"
"Nov 27, 2019","7,510.6","7,162.8","7,636.9","6,875.4","996.49K","4.86%"
"Nov 26, 2019","7,162.8","7,115.5","7,329.5","7,045.1","844.27K","0.66%"
"Nov 25, 2019","7,115.6","6,924.7","7,352.8","6,534.8","1.29M","2.76%"
"Nov 24, 2019","6,924.7","7,325.0","7,344.1","6,894.9","904.50K","-5.45%"
"Nov 23, 2019","7,324.1","7,271.6","7,342.5","7,093.7","783.18K","0.71%"
"Nov 22, 2019","7,272.5","7,627.9","7,700.9","6,818.5","1.41M","-4.66%"
"Nov 21, 2019","7,627.9","8,099.4","8,129.6","7,519.7","891.50K","-5.82%"
"Nov 20, 2019","8,099.3","8,145.7","8,223.0","8,074.2","607.27K","-0.57%"
"Nov 19, 2019","8,145.7","8,207.7","8,245.6","8,032.8","654.27K","-0.76%"
"Nov 18, 2019","8,208.4","8,510.3","8,516.3","8,110.4","692.60K","-3.54%"
"Nov 17, 2019","8,509.8","8,497.4","8,631.7","8,413.0","531.22K","0.15%"
"Nov 16, 2019","8,497.3","8,476.2","8,532.8","8,450.7","471.16K","0.25%"
"Nov 15, 2019","8,476.3","8,660.8","8,761.8","8,437.1","653.71K","-2.13%"
"Nov 14, 2019","8,661.2","8,782.9","8,799.8","8,615.8","515.43K","-1.39%"
"Nov 13, 2019","8,783.1","8,813.2","8,829.7","8,721.1","454.33K","-0.33%"
"Nov 12, 2019","8,812.6","8,737.4","8,841.2","8,615.7","575.16K","0.87%"
"Nov 11, 2019","8,736.9","9,036.9","9,066.4","8,649.4","601.16K","-3.32%"
"Nov 10, 2019","9,036.8","8,804.7","9,092.9","8,763.5","581.57K","2.64%"
"Nov 09, 2019","8,804.5","8,778.1","8,877.5","8,746.9","512.02K","0.30%"
"Nov 08, 2019","8,778.2","9,223.6","9,254.8","8,722.4","791.79K","-4.83%"
"Nov 07, 2019","9,223.5","9,339.2","9,367.0","9,130.0","603.54K","-1.24%"
"Nov 06, 2019","9,338.9","9,311.2","9,424.6","9,262.7","578.03K","0.30%"
"Nov 05, 2019","9,310.8","9,396.1","9,452.7","9,193.9","653.42K","-0.91%"
"Nov 04, 2019","9,396.4","9,198.7","9,500.4","9,134.1","681.01K","2.15%"
"Nov 03, 2019","9,198.3","9,300.5","9,359.1","9,095.0","536.56K","-1.10%"
"Nov 02, 2019","9,300.6","9,230.3","9,356.7","9,201.2","570.74K","0.76%"
"Nov 01, 2019","9,230.1","9,153.1","9,270.4","9,057.2","689.65K","0.85%"
"Oct 31, 2019","9,152.6","9,157.9","9,378.9","8,959.6","798.93K","-0.06%"
"Oct 30, 2019","9,157.9","9,411.3","9,411.3","9,018.4","789.73K","-2.69%"
"Oct 29, 2019","9,411.3","9,206.5","9,531.3","9,125.3","918.48K","2.22%"
"Oct 28, 2019","9,207.2","9,530.1","9,866.9","9,202.5","1.04M","-3.38%"
"Oct 27, 2019","9,529.6","9,230.6","9,773.2","9,081.0","1.16M","3.24%"
"Oct 26, 2019","9,230.6","8,658.4","10,540.0","8,061.8","1.78M","6.61%"
"Oct 25, 2019","8,658.3","7,422.8","8,697.7","7,404.9","1.18M","16.65%"
"Oct 24, 2019","7,422.7","7,476.8","7,501.5","7,366.3","586.49K","-0.73%"
"Oct 23, 2019","7,477.0","8,031.0","8,055.0","7,329.2","892.08K","-6.90%"
"Oct 22, 2019","8,031.4","8,207.4","8,289.1","8,017.7","570.39K","-2.15%"
"Oct 21, 2019","8,208.2","8,224.1","8,315.3","8,155.7","489.40K","-0.18%"
"Oct 20, 2019","8,223.4","7,957.4","8,288.5","7,889.6","513.91K","3.34%"
"Oct 19, 2019","7,957.3","7,948.3","8,060.2","7,892.4","428.83K","0.11%"
"Oct 18, 2019","7,948.5","8,073.3","8,116.4","7,842.0","505.79K","-1.55%"
"Oct 17, 2019","8,073.3","8,000.4","8,118.2","7,944.4","444.95K","0.91%"
"Oct 16, 2019","8,000.4","8,167.1","8,185.9","7,929.8","538.92K","-2.04%"
"Oct 15, 2019","8,167.2","8,353.4","8,400.2","8,139.5","469.73K","-2.23%"
"Oct 14, 2019","8,353.3","8,281.3","8,374.3","8,222.2","505.02K","0.87%"
"Oct 13, 2019","8,281.5","8,304.3","8,450.2","8,190.6","419.87K","-0.28%"
"Oct 12, 2019","8,304.4","8,267.6","8,394.8","8,260.9","424.02K","0.44%"
"Oct 11, 2019","8,267.8","8,562.2","8,751.1","8,249.7","667.86K","-3.44%"
"Oct 10, 2019","8,562.3","8,566.8","8,638.5","8,438.7","511.46K","-0.05%"
"Oct 09, 2019","8,566.7","8,180.1","8,655.9","8,122.7","636.43K","4.69%"
"Oct 08, 2019","8,182.9","8,198.5","8,323.1","8,118.1","469.04K","-0.19%"
"Oct 07, 2019","8,198.6","7,882.6","8,293.5","7,797.0","604.74K","4.02%"
"Oct 06, 2019","7,881.9","8,127.3","8,145.5","7,834.9","448.80K","-3.02%"
"Oct 05, 2019","8,127.3","8,148.0","8,185.1","8,030.6","360.92K","-0.25%"
"Oct 04, 2019","8,148.1","8,227.6","8,233.6","8,041.4","416.92K","-0.96%"
"Oct 03, 2019","8,226.9","8,363.6","8,391.7","8,090.1","460.97K","-1.64%"
"Oct 02, 2019","8,364.1","8,302.7","8,374.0","8,167.7","405.86K","0.74%"
"Oct 01, 2019","8,302.7","8,285.0","8,486.2","8,187.9","533.95K","0.22%"
"Sep 30, 2019","8,284.3","8,048.9","8,318.5","7,749.0","600.26K","2.92%"
"Sep 29, 2019","8,049.1","8,208.0","8,226.8","7,922.1","418.48K","-1.94%"
"Sep 28, 2019","8,208.5","8,184.5","8,297.2","8,031.1","457.79K","0.29%"
"Sep 27, 2019","8,184.9","8,063.8","8,257.4","7,882.1","561.40K","1.50%"
"Sep 26, 2019","8,063.8","8,432.5","8,463.1","7,773.6","731.03K","-4.37%"
"Sep 25, 2019","8,432.4","8,512.3","8,729.8","8,245.1","696.11K","-0.96%"
"Sep 24, 2019","8,513.9","9,702.7","9,793.8","8,069.4","933.16K","-12.25%"
"Sep 23, 2019","9,702.2","10,031.3","10,048.8","9,656.3","431.10K","-3.28%"
"Sep 22, 2019","10,031.6","9,993.0","10,075.0","9,870.9","337.06K","0.39%"
"Sep 21, 2019","9,993.0","10,172.8","10,177.9","9,939.8","326.17K","-1.77%"
"Sep 20, 2019","10,172.7","10,251.5","10,279.5","10,088.6","362.07K","-0.76%"
"Sep 19, 2019","10,250.5","10,164.6","10,297.6","9,707.6","542.25K","0.84%"
"Sep 18, 2019","10,164.7","10,195.7","10,257.5","10,119.3","318.82K","-0.30%"
"Sep 17, 2019","10,195.7","10,254.6","10,273.6","10,153.5","321.64K","-0.58%"
"Sep 16, 2019","10,255.5","10,311.3","10,360.5","10,108.5","372.53K","-0.54%"
"Sep 15, 2019","10,311.5","10,337.3","10,360.4","10,272.0","255.79K","-0.25%"
"Sep 14, 2019","10,337.3","10,342.2","10,421.4","10,253.7","326.44K","-0.05%"
"Sep 13, 2019","10,342.1","10,415.2","10,441.4","10,174.1","365.52K","-0.70%"
"Sep 12, 2019","10,415.1","10,162.4","10,447.9","10,051.0","413.22K","2.49%"
"Sep 11, 2019","10,162.5","10,104.9","10,257.5","9,908.9","413.06K","0.57%"
"Sep 10, 2019","10,105.4","10,308.7","10,379.8","9,970.7","383.22K","-1.98%"
"Sep 09, 2019","10,309.0","10,402.1","10,478.0","10,095.7","473.76K","-0.90%"
"Sep 08, 2019","10,402.8","10,461.6","10,578.0","10,266.3","339.73K","-0.56%"
"Sep 07, 2019","10,461.1","10,306.9","10,556.4","10,302.3","393.57K","1.47%"
"Sep 06, 2019","10,309.3","10,566.7","10,896.2","10,227.4","643.02K","-2.44%"
"Sep 05, 2019","10,566.9","10,567.8","10,630.7","10,469.9","402.09K","-0.01%"
"Sep 04, 2019","10,568.2","10,611.6","10,783.6","10,388.6","504.45K","-0.42%"
"Sep 03, 2019","10,612.3","10,348.1","10,756.8","10,283.5","578.79K","2.55%"
"Sep 02, 2019","10,348.8","9,728.8","10,431.5","9,720.3","542.79K","6.37%"
"Sep 01, 2019","9,729.3","9,594.7","9,799.5","9,533.6","322.66K","1.41%"
"Aug 31, 2019","9,594.4","9,585.5","9,677.5","9,457.3","311.49K","0.09%"
"Aug 30, 2019","9,585.4","9,494.1","9,675.7","9,370.2","413.92K","0.99%"
"Aug 29, 2019","9,491.0","9,729.1","9,729.1","9,343.0","509.13K","-2.45%"
"Aug 28, 2019","9,729.4","10,184.7","10,271.3","9,629.6","580.29K","-4.47%"
"Aug 27, 2019","10,184.8","10,372.2","10,387.6","10,060.2","419.81K","-1.80%"
"Aug 26, 2019","10,371.8","10,136.0","10,568.2","10,136.0","568.77K","2.32%"
"Aug 25, 2019","10,136.3","10,132.1","10,307.0","9,935.2","422.53K","0.05%"
"Aug 24, 2019","10,131.0","10,389.4","10,415.9","9,917.5","463.85K","-2.48%"
"Aug 23, 2019","10,388.7","10,104.9","10,434.3","9,921.4","436.26K","2.81%"
"Aug 22, 2019","10,105.0","10,141.1","10,218.2","9,777.0","520.75K","-0.36%"
"Aug 21, 2019","10,141.5","10,753.3","10,797.8","9,908.0","717.65K","-5.68%"
"Aug 20, 2019","10,752.6","10,911.2","10,941.6","10,581.0","515.47K","-1.45%"
"Aug 19, 2019","10,910.7","10,312.8","10,923.9","10,267.8","519.01K","5.80%"
"Aug 18, 2019","10,312.7","10,219.3","10,494.9","10,086.7","441.11K","0.93%"
"Aug 17, 2019","10,218.1","10,335.5","10,460.7","10,016.3","497.77K","-1.14%"
"Aug 16, 2019","10,335.6","10,300.9","10,734.0","9,788.6","798.67K","0.31%"
"Aug 15, 2019","10,303.4","10,053.3","10,448.2","9,580.1","930.05K","2.53%"
"Aug 14, 2019","10,049.4","10,894.2","10,894.5","9,965.5","745.59K","-7.74%"
"Aug 13, 2019","10,892.9","11,395.0","11,445.6","10,793.2","540.78K","-4.40%"
"Aug 12, 2019","11,394.2","11,505.1","11,508.6","11,267.3","391.08K","-1.07%"
"Aug 11, 2019","11,517.2","11,314.6","11,728.4","11,146.1","435.83K","1.79%"
"Aug 10, 2019","11,314.5","12,090.5","12,185.0","11,281.6","570.74K","-6.41%"
"Aug 09, 2019","12,089.8","12,190.0","12,225.3","11,885.0","558.72K","-0.84%"
"Aug 08, 2019","12,191.6","12,015.9","12,236.6","11,727.0","592.15K","1.48%"
"Aug 07, 2019","12,013.9","11,481.0","12,114.5","11,406.4","702.85K","4.64%"
"Aug 06, 2019","11,480.9","11,817.6","12,291.9","11,237.0","807.58K","-2.84%"
"Aug 05, 2019","11,816.8","10,934.8","11,922.3","10,934.8","769.63K","8.07%"
"Aug 04, 2019","10,934.6","10,816.1","11,017.7","10,568.8","585.71K","1.10%"
"Aug 03, 2019","10,815.7","10,519.9","10,893.6","10,504.5","508.75K","2.81%"
"Aug 02, 2019","10,520.1","10,380.5","10,664.8","10,330.5","578.29K","1.35%"
"Aug 01, 2019","10,380.0","10,081.9","10,459.0","9,890.6","608.37K","2.96%"
"Jul 31, 2019","10,082.0","9,580.3","10,100.0","9,562.4","589.84K","5.23%"
"Jul 30, 2019","9,580.7","9,580.0","9,703.0","9,483.0","511.51K","-0.00%"
"Jul 29, 2019","9,580.9","9,728.5","9,835.4","9,502.5","510.90K","-1.51%"
"Jul 28, 2019","9,727.8","9,491.1","9,798.5","9,401.1","518.59K","2.48%"
"Jul 27, 2019","9,492.1","9,830.4","10,232.3","9,389.1","661.89K","-3.45%"
"Jul 26, 2019","9,831.0","9,945.2","10,436.1","9,724.2","493.75K","-1.15%"
"Jul 25, 2019","9,945.3","9,804.7","10,203.5","9,776.6","545.85K","1.44%"
"Jul 24, 2019","9,804.3","9,887.2","9,945.3","9,584.0","639.54K","-0.85%"
"Jul 23, 2019","9,888.7","10,412.8","10,414.7","9,865.4","663.38K","-5.03%"
"Jul 22, 2019","10,412.5","10,715.1","10,806.3","10,196.5","591.27K","-2.82%"
"Jul 21, 2019","10,714.4","10,827.0","10,883.8","10,442.5","562.17K","-1.04%"
"Jul 20, 2019","10,826.7","10,571.9","11,155.6","10,462.0","668.94K","2.41%"
"Jul 19, 2019","10,571.5","10,651.6","10,758.4","10,160.7","727.79K","-0.75%"
"Jul 18, 2019","10,651.4","9,723.1","10,787.1","9,390.0","974.49K","9.55%"
"Jul 17, 2019","9,723.2","9,425.1","9,983.6","9,082.6","1.03M","3.17%"
"Jul 16, 2019","9,424.8","10,844.0","11,019.5","9,375.3","1.05M","-13.10%"
"Jul 15, 2019","10,845.9","10,199.9","11,064.7","9,885.4","956.52K","6.33%"
"Jul 14, 2019","10,200.1","11,364.3","11,448.7","10,128.9","840.76K","-10.25%"
"Jul 13, 2019","11,364.9","11,762.8","11,798.4","10,839.4","747.71K","-3.38%"
"Jul 12, 2019","11,762.1","11,343.7","11,881.4","11,109.8","738.17K","3.70%"
"Jul 11, 2019","11,342.3","12,111.6","12,111.6","11,029.0","943.13K","-6.34%"
"Jul 10, 2019","12,110.6","12,542.8","13,134.4","11,594.9","1.11M","-3.44%"
"Jul 09, 2019","12,541.5","12,250.6","12,772.9","12,111.2","847.84K","2.36%"
"Jul 08, 2019","12,252.6","11,415.8","12,332.3","11,304.8","695.60K","7.33%"
"Jul 07, 2019","11,415.9","11,267.9","11,524.6","11,108.1","601.93K","1.31%"
"Jul 06, 2019","11,268.0","10,969.8","11,650.2","10,967.9","688.96K","2.71%"
"Jul 05, 2019","10,970.2","11,159.7","11,381.8","10,810.3","772.67K","-1.73%"
"Jul 04, 2019","11,163.1","11,899.3","11,948.0","11,087.1","840.34K","-6.20%"
"Jul 03, 2019","11,900.8","10,835.9","11,931.8","10,835.9","998.73K","9.83%"
"Jul 02, 2019","10,835.9","10,615.5","10,923.5","9,728.5","1.12M","2.07%"
"Jul 01, 2019","10,616.6","10,821.4","11,254.5","10,041.6","1.04M","-1.87%"
"Jun 30, 2019","10,818.6","11,906.0","12,179.3","10,765.4","880.77K","-9.14%"
"Jun 29, 2019","11,906.5","12,408.0","12,422.9","11,490.8","834.62K","-4.05%"
"Jun 28, 2019","12,409.1","11,288.4","12,461.8","10,970.5","1.09M","9.93%"
"Jun 27, 2019","11,287.8","13,062.4","13,422.0","10,493.5","1.59M","-13.59%"
"Jun 26, 2019","13,063.8","11,811.6","13,929.8","11,747.3","1.48M","10.62%"
"Jun 25, 2019","11,809.9","11,046.6","11,833.9","11,033.7","781.09K","6.91%"
"Jun 24, 2019","11,046.4","10,897.3","11,114.4","10,622.6","566.96K","1.37%"
"Jun 23, 2019","10,897.1","10,721.5","11,361.3","10,557.8","683.79K","1.64%"
"Jun 22, 2019","10,721.7","10,178.1","11,160.5","10,031.3","1.09M","5.33%"
"Jun 21, 2019","10,179.3","9,517.7","10,184.3","9,517.4","769.12K","6.96%"
"Jun 20, 2019","9,517.0","9,255.0","9,583.9","9,188.4","693.62K","2.83%"
"Jun 19, 2019","9,255.4","9,080.7","9,295.1","9,044.0","587.57K","1.93%"
"Jun 18, 2019","9,080.6","9,318.9","9,336.1","8,962.7","723.17K","-2.56%"
"Jun 17, 2019","9,318.8","8,961.0","9,438.1","8,959.8","738.80K","3.98%"
"Jun 16, 2019","8,962.5","8,812.2","9,332.0","8,771.1","849.77K","1.70%"
"Jun 15, 2019","8,812.5","8,655.8","8,856.7","8,582.3","608.69K","1.81%"
"Jun 14, 2019","8,656.1","8,218.6","8,685.3","8,153.2","643.17K","5.32%"
"Jun 13, 2019","8,219.0","8,132.4","8,306.1","8,028.6","574.21K","1.06%"
"Jun 12, 2019","8,133.1","7,888.0","8,198.1","7,805.8","607.89K","3.11%"
"Jun 11, 2019","7,888.0","7,987.8","8,010.4","7,714.5","579.00K","-1.25%"
"Jun 10, 2019","7,987.8","7,635.0","8,012.8","7,523.6","641.38K","4.62%"
"Jun 09, 2019","7,635.0","7,901.6","7,937.5","7,516.9","554.48K","-3.37%"
"Jun 08, 2019","7,901.4","7,985.3","8,044.4","7,770.5","485.81K","-1.05%"
"Jun 07, 2019","7,985.2","7,785.8","8,099.4","7,749.4","588.87K","2.57%"
"Jun 06, 2019","7,784.9","7,779.6","7,861.4","7,480.4","651.82K","0.08%"
"Jun 05, 2019","7,779.1","7,685.6","7,885.0","7,590.4","762.94K","1.22%"
"Jun 04, 2019","7,685.5","8,118.1","8,118.1","7,494.0","966.95K","-5.41%"
"Jun 03, 2019","8,124.8","8,728.6","8,734.9","8,102.7","739.45K","-6.92%"
"Jun 02, 2019","8,728.6","8,545.8","8,807.7","8,534.8","614.54K","2.14%"
"Jun 01, 2019","8,545.7","8,556.9","8,615.8","8,454.0","686.75K","-0.15%"
"May 31, 2019","8,558.3","8,271.4","8,578.8","8,135.0","858.41K","3.46%"
"May 30, 2019","8,271.9","8,647.8","9,045.9","8,054.7","1.04M","-4.35%"
"May 29, 2019","8,647.8","8,715.6","8,747.2","8,435.3","15.43M","-0.79%"
"May 28, 2019","8,716.3","8,759.4","8,794.1","8,568.8","763.20K","-0.50%"
"May 27, 2019","8,760.1","8,628.9","8,902.8","8,607.3","907.96K","1.51%"
"May 26, 2019","8,630.2","8,029.6","8,718.6","7,866.5","872.12K","7.51%"
"May 25, 2019","8,027.4","7,971.4","8,090.1","7,919.1","691.27K","0.72%"
"May 24, 2019","7,970.1","7,852.8","8,124.1","7,775.4","868.47K","1.50%"
"May 23, 2019","7,852.1","7,637.2","7,939.1","7,486.8","815.14K","2.83%"
"May 22, 2019","7,635.7","7,928.7","7,999.0","7,545.9","821.40K","-3.72%"
"May 21, 2019","7,930.3","7,965.0","8,056.8","7,813.2","804.88K","-0.44%"
"May 20, 2019","7,965.3","8,156.4","8,156.4","7,604.0","958.81K","-2.35%"
"May 19, 2019","8,157.2","7,261.9","8,253.4","7,252.3","1.08M","12.32%"
"May 18, 2019","7,262.6","7,359.9","7,458.5","7,189.4","865.53K","-1.32%"
"May 17, 2019","7,359.5","7,871.9","7,924.0","6,998.6","1.43M","-6.51%"
"May 16, 2019","7,871.8","8,164.8","8,293.3","7,720.4","1.18M","-3.59%"
"May 15, 2019","8,164.6","7,994.8","8,225.3","7,856.5","1.13M","2.13%"
"May 14, 2019","7,994.6","7,806.4","8,323.9","7,674.0","1.33M","2.42%"
"May 13, 2019","7,806.0","6,984.7","8,058.3","6,893.1","1.20M","11.76%"
"May 12, 2019","6,984.8","7,190.0","7,518.9","6,802.6","1.35M","-2.86%"
"May 11, 2019","7,190.3","6,386.6","7,373.8","6,386.5","1.31M","12.59%"
"May 10, 2019","6,386.0","6,194.3","6,466.6","6,157.8","907.94K","3.14%"
"May 09, 2019","6,191.5","5,990.5","6,206.0","5,990.0","799.96K","3.36%"
"May 08, 2019","5,990.3","5,849.4","6,011.3","5,799.1","757.13K","2.41%"
"May 07, 2019","5,849.5","5,745.5","6,019.8","5,745.5","955.88K","1.82%"
"May 06, 2019","5,745.1","5,775.1","5,801.4","5,630.5","755.39K","-0.52%"
"May 05, 2019","5,774.9","5,830.8","5,838.2","5,708.2","709.02K","-0.96%"
"May 04, 2019","5,830.9","5,768.0","5,899.2","5,605.0","920.61K","1.11%"
"May 03, 2019","5,766.8","5,493.6","5,844.2","5,478.7","1.04M","4.97%"
"May 02, 2019","5,493.8","5,384.6","5,530.8","5,370.0","722.23K","2.04%"
"May 01, 2019","5,384.2","5,321.1","5,396.3","5,319.5","623.64K","1.19%"
"Apr 30, 2019","5,320.8","5,235.4","5,336.6","5,195.9","697.42K","1.64%"
"Apr 29, 2019","5,235.0","5,302.4","5,322.9","5,188.9","775.82K","-1.27%"
"Apr 28, 2019","5,302.3","5,265.7","5,332.5","5,234.4","681.41K","0.69%"
"Apr 27, 2019","5,265.9","5,298.2","5,318.1","5,225.4","833.13K","-0.61%"
"Apr 26, 2019","5,298.3","5,209.2","5,469.3","5,159.3","1.03M","1.71%"
"Apr 25, 2019","5,209.1","5,415.6","5,528.2","5,137.4","955.36K","-3.81%"
"Apr 24, 2019","5,415.6","5,511.2","5,589.6","5,346.8","994.04K","-1.74%"
"Apr 23, 2019","5,511.6","5,346.5","5,594.4","5,291.4","900.00K","3.08%"
"Apr 22, 2019","5,346.7","5,248.2","5,370.2","5,170.2","920.77K","1.97%"
"Apr 21, 2019","5,243.5","5,290.2","5,308.2","5,189.8","811.41K","-0.88%"
"Apr 20, 2019","5,290.2","5,241.0","5,327.0","5,240.2","782.32K","0.94%"
"Apr 19, 2019","5,241.0","5,264.8","5,282.4","5,192.1","787.09K","-0.45%"
"Apr 18, 2019","5,264.7","5,208.3","5,293.1","5,205.0","727.97K","1.08%"
"Apr 17, 2019","5,208.3","5,182.1","5,230.9","5,165.5","806.52K","0.53%"
"Apr 16, 2019","5,180.9","5,031.4","5,198.4","5,014.4","631.05K","2.95%"
"Apr 15, 2019","5,032.3","5,135.1","5,168.0","4,964.2","688.20K","-2.00%"
"Apr 14, 2019","5,134.8","5,052.0","5,153.5","5,010.7","566.38K","1.64%"
"Apr 13, 2019","5,051.8","5,054.2","5,093.4","5,011.6","577.16K","-0.05%"
"Apr 12, 2019","5,054.2","5,022.7","5,080.5","4,889.2","779.14K","0.63%"
"Apr 11, 2019","5,022.6","5,307.7","5,337.0","4,948.0","943.49K","-5.37%"
"Apr 10, 2019","5,307.8","5,158.4","5,404.1","5,142.9","837.51K","2.89%"
"Apr 09, 2019","5,158.4","5,245.0","5,245.9","5,095.2","784.62K","-1.65%"
"Apr 08, 2019","5,245.2","5,173.5","5,300.6","5,060.5","928.23K","1.38%"
"Apr 07, 2019","5,173.6","5,046.1","5,219.5","5,033.7","841.27K","2.53%"
"Apr 06, 2019","5,046.2","5,010.0","5,198.4","4,947.9","952.18K","0.72%"
"Apr 05, 2019","5,010.2","4,902.5","5,029.4","4,888.3","851.72K","2.20%"
"Apr 04, 2019","4,902.4","4,968.7","5,042.5","4,789.2","1.05M","-1.33%"
"Apr 03, 2019","4,968.7","4,859.3","5,278.4","4,814.0","13.83M","2.25%"
"Apr 02, 2019","4,859.3","4,145.1","4,899.6","4,143.5","14.77M","17.23%"
"Apr 01, 2019","4,145.1","4,102.3","4,159.1","4,076.8","3.22M","1.04%"
"Mar 31, 2019","4,102.3","4,111.8","4,121.9","4,082.2","2.43M","-0.23%"
"Mar 30, 2019","4,111.8","4,103.7","4,138.1","4,057.1","2.55M","0.23%"
"Mar 29, 2019","4,102.2","4,025.7","4,123.1","4,022.6","3.30M","1.90%"
"Mar 28, 2019","4,025.6","4,041.7","4,041.7","4,008.4","2.11M","-0.40%"
"Mar 27, 2019","4,041.7","3,942.8","4,043.3","3,936.2","2.78M","2.51%"
"Mar 26, 2019","3,942.8","3,937.1","3,950.7","3,899.9","2.53M","0.15%"
"Mar 25, 2019","3,937.0","3,994.8","4,000.5","3,897.9","2.86M","-1.44%"
"Mar 24, 2019","3,994.7","4,002.6","4,005.7","3,967.0","2.04M","-0.20%"
"Mar 23, 2019","4,002.5","3,990.4","4,018.2","3,980.8","2.00M","0.30%"
"Mar 22, 2019","3,990.4","3,982.2","4,005.7","3,971.8","2.83M","0.21%"
"Mar 21, 2019","3,982.2","4,041.2","4,064.0","3,923.8","3.88M","-1.46%"
"Mar 20, 2019","4,041.2","4,017.0","4,050.0","3,985.3","3.18M","0.60%"
"Mar 19, 2019","4,017.0","3,990.2","4,029.9","3,972.4","2.99M","0.67%"
"Mar 18, 2019","3,990.2","3,981.5","4,032.3","3,958.5","2.62M","0.22%"
"Mar 17, 2019","3,981.5","4,006.4","4,009.8","3,956.3","1.87M","-0.62%"
"Mar 16, 2019","4,006.4","3,924.4","4,050.6","3,923.7","3.46M","2.09%"
"Mar 15, 2019","3,924.3","3,879.0","3,935.7","3,874.8","3.11M","1.17%"
"Mar 14, 2019","3,879.0","3,865.1","3,914.7","3,828.4","2.86M","0.36%"
"Mar 13, 2019","3,865.1","3,885.9","3,894.7","3,847.4","2.28M","-0.54%"
"Mar 12, 2019","3,886.0","3,870.3","3,900.1","3,817.1","2.90M","0.41%"
"Mar 11, 2019","3,870.3","3,915.2","3,935.5","3,842.4","3.19M","-1.15%"
"Mar 10, 2019","3,915.2","3,944.4","3,944.5","3,889.2","1.89M","-0.74%"
"Mar 09, 2019","3,944.3","3,865.6","3,964.0","3,859.7","2.48M","2.03%"
"Mar 08, 2019","3,865.9","3,875.1","3,929.0","3,810.7","2.96M","-0.24%"
"Mar 07, 2019","3,875.1","3,863.1","3,907.4","3,847.9","2.60M","0.32%"
"Mar 06, 2019","3,863.0","3,857.2","3,887.3","3,816.7","2.52M","0.15%"
"Mar 05, 2019","3,857.2","3,715.9","3,873.2","3,705.7","3.82M","3.80%"
"Mar 04, 2019","3,715.9","3,809.7","3,828.4","3,681.8","2.85M","-2.45%"
"Mar 03, 2019","3,809.5","3,823.2","3,836.6","3,789.7","1.51M","-0.36%"
"Mar 02, 2019","3,823.1","3,821.9","3,843.2","3,783.6","1.61M","0.03%"
"Mar 01, 2019","3,821.9","3,816.7","3,855.8","3,816.4","1.74M","0.14%"
"Feb 28, 2019","3,816.6","3,814.6","3,883.7","3,783.3","2.31M","0.05%"
"Feb 27, 2019","3,814.6","3,810.3","3,836.4","3,701.9","2.82M","0.11%"
"Feb 26, 2019","3,810.3","3,833.5","3,845.5","3,775.0","2.09M","-0.61%"
"Feb 25, 2019","3,833.7","3,755.7","3,870.7","3,753.8","765.87K","2.09%"
"Feb 24, 2019","3,755.2","4,120.5","4,194.2","3,738.7","977.78K","-8.86%"
"Feb 23, 2019","4,120.4","3,965.2","4,152.6","3,939.4","727.85K","3.91%"
"Feb 22, 2019","3,965.2","3,937.4","3,983.1","3,931.7","649.55K","0.73%"
"Feb 21, 2019","3,936.6","3,972.0","4,011.5","3,909.2","668.16K","-0.90%"
"Feb 20, 2019","3,972.4","3,914.3","3,983.6","3,881.2","698.01K","1.48%"
"Feb 19, 2019","3,914.3","3,896.4","3,993.8","3,863.7","1.44M","0.47%"
"Feb 18, 2019","3,896.0","3,664.2","3,903.7","3,655.1","933.15K","6.33%"
"Feb 17, 2019","3,664.2","3,616.8","3,689.9","3,607.9","580.51K","1.31%"
"Feb 16, 2019","3,616.8","3,604.7","3,641.9","3,599.7","485.63K","0.34%"
"Feb 15, 2019","3,604.7","3,592.6","3,648.3","3,581.4","516.21K","0.34%"
"Feb 14, 2019","3,592.6","3,611.5","3,624.5","3,580.2","498.14K","-0.52%"
"Feb 13, 2019","3,611.5","3,632.0","3,663.5","3,599.2","558.02K","-0.56%"
"Feb 12, 2019","3,632.0","3,631.8","3,656.4","3,594.4","545.82K","0.01%"
"Feb 11, 2019","3,631.8","3,678.8","3,681.1","3,623.8","517.28K","-1.28%"
"Feb 10, 2019","3,679.0","3,661.0","3,680.6","3,617.1","501.90K","0.48%"
"Feb 09, 2019","3,661.4","3,661.6","3,675.3","3,633.2","454.80K","-0.01%"
"Feb 08, 2019","3,661.7","3,397.3","3,721.1","3,382.5","699.23K","7.77%"
"Feb 07, 2019","3,397.7","3,404.9","3,421.8","3,390.3","471.36K","-0.20%"
"Feb 06, 2019","3,404.3","3,468.5","3,478.0","3,383.9","514.21K","-1.85%"
"Feb 05, 2019","3,468.4","3,463.0","3,485.9","3,450.3","460.95K","0.16%"
"Feb 04, 2019","3,462.8","3,459.0","3,479.7","3,437.1","503.92K","0.11%"
"Feb 03, 2019","3,459.1","3,502.3","3,507.8","3,431.3","451.66K","-1.24%"
"Feb 02, 2019","3,502.5","3,467.9","3,514.5","3,447.8","443.60K","1.00%"
"Feb 01, 2019","3,467.9","3,437.7","3,485.7","3,415.3","481.58K","0.90%"
"Jan 31, 2019","3,437.2","3,460.0","3,484.7","3,427.0","477.07K","-0.66%"
"Jan 30, 2019","3,460.0","3,414.6","3,479.0","3,394.2","600.25K","1.32%"
"Jan 29, 2019","3,414.8","3,442.8","3,450.1","3,368.2","585.46K","-0.81%"
"Jan 28, 2019","3,442.8","3,555.8","3,561.2","3,395.7","620.85K","-3.17%"
"Jan 27, 2019","3,555.6","3,570.9","3,583.2","3,509.2","464.02K","-0.43%"
"Jan 26, 2019","3,570.9","3,572.0","3,652.5","3,556.1","432.55K","-0.03%"
"Jan 25, 2019","3,572.0","3,574.3","3,582.6","3,542.2","448.89K","-0.06%"
"Jan 24, 2019","3,574.3","3,561.4","3,587.0","3,539.7","428.60K","0.36%"
"Jan 23, 2019","3,561.5","3,580.1","3,608.3","3,532.8","445.87K","-0.52%"
"Jan 22, 2019","3,580.1","3,536.9","3,607.9","3,465.2","447.70K","1.23%"
"Jan 21, 2019","3,536.7","3,542.7","3,561.4","3,505.4","394.17K","-0.16%"
"Jan 20, 2019","3,542.3","3,676.2","3,699.1","3,503.9","563.31K","-3.68%"
"Jan 19, 2019","3,677.8","3,605.8","3,715.2","3,604.1","537.06K","2.00%"
"Jan 18, 2019","3,605.6","3,626.3","3,627.9","3,575.7","488.16K","-0.57%"
"Jan 17, 2019","3,626.4","3,588.1","3,636.7","3,554.8","525.10K","1.07%"
"Jan 16, 2019","3,588.0","3,570.6","3,644.1","3,561.4","487.34K","0.47%"
"Jan 15, 2019","3,571.3","3,637.5","3,660.8","3,545.7","544.85K","-1.84%"
"Jan 14, 2019","3,638.1","3,490.4","3,672.0","3,490.4","539.93K","4.24%"
"Jan 13, 2019","3,490.2","3,597.3","3,617.6","3,473.2","452.79K","-2.98%"
"Jan 12, 2019","3,597.2","3,616.6","3,633.9","3,561.3","435.06K","-0.53%"
"Jan 11, 2019","3,616.5","3,603.3","3,655.7","3,563.1","551.64K","0.35%"
"Jan 10, 2019","3,603.7","3,978.9","4,007.7","3,562.1","697.31K","-9.41%"
"Jan 09, 2019","3,978.0","3,971.0","4,014.2","3,957.5","473.42K","0.17%"
"Jan 08, 2019","3,971.0","3,985.8","4,070.5","3,943.1","514.08K","-0.37%"
"Jan 07, 2019","3,985.9","4,004.3","4,028.0","3,945.5","500.88K","-0.45%"
"Jan 06, 2019","4,004.1","3,785.7","4,034.1","3,758.5","529.89K","5.78%"
"Jan 05, 2019","3,785.4","3,802.8","3,846.7","3,769.0","468.45K","-0.46%"
"Jan 04, 2019","3,802.7","3,780.5","3,823.9","3,720.0","488.70K","0.60%"
"Jan 03, 2019","3,780.1","3,874.1","3,875.8","3,753.0","450.32K","-2.42%"
"Jan 02, 2019","3,873.8","3,809.7","3,894.8","3,768.1","554.47K","1.69%"
"Jan 01, 2019","3,809.4","3,709.5","3,814.3","3,664.4","469.11K","2.69%"
"Dec 31, 2018","3,709.4","3,815.1","3,819.6","3,658.8","545.83K","-2.77%"
"Dec 30, 2018","3,815.0","3,708.2","3,837.7","3,682.5","519.17K","2.92%"
"Dec 29, 2018","3,706.8","3,861.6","3,899.6","3,696.0","505.41K","-4.01%"
"Dec 28, 2018","3,861.6","3,587.1","3,900.3","3,565.5","565.24K","7.66%"
"Dec 27, 2018","3,586.9","3,793.4","3,822.6","3,560.8","543.44K","-5.45%"
"Dec 26, 2018","3,793.7","3,762.8","3,841.9","3,680.3","567.11K","0.83%"
"Dec 25, 2018","3,762.5","4,025.6","4,030.7","3,676.5","670.94K","-6.55%"
"Dec 24, 2018","4,026.1","3,944.5","4,208.2","3,941.9","716.29K","2.07%"
"Dec 23, 2018","3,944.4","3,964.3","4,037.1","3,904.6","572.21K","-0.50%"
"Dec 22, 2018","3,964.4","3,850.9","3,977.2","3,803.7","554.59K","2.95%"
"Dec 21, 2018","3,850.9","4,075.2","4,153.1","3,786.9","748.76K","-5.52%"
"Dec 20, 2018","4,076.0","3,687.2","4,140.3","3,665.8","958.58K","10.55%"
"Dec 19, 2018","3,687.1","3,668.1","3,924.7","3,647.5","792.40K","0.52%"
"Dec 18, 2018","3,668.0","3,526.0","3,683.1","3,456.9","698.53K","4.02%"
"Dec 17, 2018","3,526.1","3,248.3","3,597.4","3,243.1","534.78K","8.57%"
"Dec 16, 2018","3,247.9","3,228.6","3,305.0","3,225.9","335.69K","0.60%"
"Dec 15, 2018","3,228.7","3,247.8","3,282.3","3,177.0","332.95K","-0.59%"
"Dec 14, 2018","3,247.8","3,315.4","3,336.6","3,199.1","445.56K","-2.04%"
"Dec 13, 2018","3,315.3","3,466.2","3,474.4","3,284.8","435.89K","-4.35%"
"Dec 12, 2018","3,466.1","3,390.2","3,510.2","3,379.4","391.17K","1.72%"
"Dec 11, 2018","3,407.7","3,460.4","3,485.9","3,349.9","418.53K","-1.53%"
"Dec 10, 2018","3,460.5","3,566.9","3,622.4","3,412.7","394.49K","-3.00%"
"Dec 09, 2018","3,567.5","3,430.3","3,677.6","3,424.2","327.93K","4.00%"
"Dec 08, 2018","3,430.4","3,422.3","3,507.7","3,302.9","424.40K","0.24%"
"Dec 07, 2018","3,422.2","3,508.9","3,626.6","3,251.8","639.33K","-2.46%"
"Dec 06, 2018","3,508.6","3,771.4","3,887.2","3,505.7","467.54K","-6.97%"
"Dec 05, 2018","3,771.6","3,958.1","3,974.1","3,765.2","341.60K","-4.72%"
"Dec 04, 2018","3,958.5","3,899.9","4,082.9","3,809.3","326.71K","1.56%"
"Dec 03, 2018","3,897.8","4,160.3","4,177.0","3,839.9","355.10K","-6.31%"
"Dec 02, 2018","4,160.4","4,196.2","4,316.1","4,105.3","298.63K","-0.85%"
"Dec 01, 2018","4,196.2","4,038.7","4,299.1","3,967.1","316.30K","3.87%"
"Nov 30, 2018","4,039.7","4,296.8","4,340.6","3,954.5","444.52K","-5.98%"
"Nov 29, 2018","4,296.5","4,265.5","4,440.1","4,140.6","414.46K","0.73%"
"Nov 28, 2018","4,265.4","3,866.4","4,391.8","3,866.4","533.04K","10.32%"
"Nov 27, 2018","3,866.5","3,840.3","3,920.6","3,687.8","457.27K","0.77%"
"Nov 26, 2018","3,837.0","4,061.0","4,179.0","3,679.8","571.04K","-5.54%"
"Nov 25, 2018","4,062.2","3,920.3","4,198.4","3,634.2","619.95K","3.62%"
"Nov 24, 2018","3,920.4","4,397.3","4,494.6","3,821.5","382.72K","-10.86%"
"Nov 23, 2018","4,398.0","4,360.9","4,455.6","4,223.7","348.99K","0.96%"
"Nov 22, 2018","4,356.0","4,646.4","4,695.7","4,346.7","261.85K","-6.09%"
"Nov 21, 2018","4,638.7","4,523.0","4,743.7","4,393.0","412.74K","2.52%"
"Nov 20, 2018","4,524.6","4,883.6","5,013.4","4,272.3","714.08K","-7.36%"
"Nov 19, 2018","4,883.8","5,660.4","5,662.5","4,831.1","478.26K","-13.69%"
"Nov 18, 2018","5,658.3","5,621.0","5,727.9","5,615.5","158.68K","0.65%"
"Nov 17, 2018","5,621.8","5,636.2","5,645.5","5,561.4","156.51K","-0.26%"
"Nov 16, 2018","5,636.2","5,723.5","5,747.7","5,539.7","224.12K","-1.45%"
"Nov 15, 2018","5,718.9","5,854.0","5,878.5","5,384.1","375.86K","-2.11%"
"Nov 14, 2018","5,842.4","6,428.9","6,453.3","5,619.2","438.21K","-9.13%"
"Nov 13, 2018","6,429.2","6,435.0","6,466.8","6,386.7","137.60K","-0.09%"
"Nov 12, 2018","6,435.0","6,445.0","6,475.9","6,409.4","130.16K","-0.17%"
"Nov 11, 2018","6,446.1","6,427.1","6,451.7","6,359.0","127.40K","0.30%"
"Nov 10, 2018","6,427.1","6,411.9","6,461.7","6,411.7","115.87K","0.24%"
"Nov 09, 2018","6,412.0","6,473.8","6,496.1","6,390.0","151.60K","-0.96%"
"Nov 08, 2018","6,474.0","6,565.3","6,577.3","6,466.3","159.30K","-1.39%"
"Nov 07, 2018","6,565.3","6,503.1","6,594.3","6,502.0","170.76K","0.96%"
"Nov 06, 2018","6,502.8","6,460.4","6,509.6","6,441.6","154.87K","0.67%"
"Nov 05, 2018","6,459.7","6,478.2","6,489.2","6,431.7","128.51K","-0.29%"
"Nov 04, 2018","6,478.2","6,386.2","6,508.9","6,359.7","128.76K","1.44%"
"Nov 03, 2018","6,386.2","6,424.5","6,429.5","6,346.2","112.84K","-0.60%"
"Nov 02, 2018","6,424.7","6,400.5","6,444.3","6,390.9","135.87K","0.38%"
"Nov 01, 2018","6,400.5","6,365.9","6,421.8","6,354.2","124.16K","0.54%"
"Oct 31, 2018","6,365.9","6,327.9","6,405.7","6,257.8","129.06K","0.64%"
"Oct 30, 2018","6,325.7","6,336.7","6,469.9","6,316.5","128.21K","-0.15%"
"Oct 29, 2018","6,335.0","6,486.1","6,498.4","6,310.5","160.52K","-2.33%"
"Oct 28, 2018","6,486.1","6,494.6","6,502.2","6,461.2","93.97K","-0.12%"
"Oct 27, 2018","6,494.2","6,510.0","6,534.0","6,473.7","76.72K","-0.24%"
"Oct 26, 2018","6,510.0","6,507.0","6,570.5","6,498.5","97.17K","0.05%"
"Oct 25, 2018","6,507.0","6,532.5","6,544.8","6,491.5","97.43K","-0.36%"
"Oct 24, 2018","6,530.7","6,531.2","6,593.8","6,522.6","98.74K","0.03%"
"Oct 23, 2018","6,528.7","6,558.6","6,573.6","6,500.5","108.86K","-0.41%"
"Oct 22, 2018","6,555.8","6,583.0","6,612.7","6,529.5","101.57K","-0.41%"
"Oct 21, 2018","6,583.0","6,575.9","6,643.1","6,568.0","92.94K","0.16%"
"Oct 20, 2018","6,572.2","6,511.7","6,593.7","6,495.9","97.77K","0.92%"
"Oct 19, 2018","6,512.0","6,576.4","6,603.2","6,506.9","121.44K","-0.94%"
"Oct 18, 2018","6,574.1","6,690.1","6,736.3","6,530.6","134.15K","-1.68%"
"Oct 17, 2018","6,686.6","6,718.9","6,745.9","6,637.8","136.71K","-0.28%"
"Oct 16, 2018","6,705.3","6,712.4","6,836.7","6,645.4","155.85K","0.08%"
"Oct 15, 2018","6,699.8","6,326.8","7,358.4","6,300.2","443.33K","5.90%"
"Oct 14, 2018","6,326.8","6,321.6","6,390.9","6,300.0","99.38K","0.08%"
"Oct 13, 2018","6,321.7","6,291.3","6,329.3","6,282.8","94.45K","0.48%"
"Oct 12, 2018","6,291.3","6,239.2","6,344.8","6,206.8","147.40K","0.84%"
"Oct 11, 2018","6,239.1","6,618.0","6,622.5","6,206.2","245.28K","-5.72%"
"Oct 10, 2018","6,618.0","6,650.6","6,653.5","6,526.0","101.93K","-0.49%"
"Oct 09, 2018","6,650.8","6,669.6","6,678.9","6,613.3","80.79K","-0.28%"
"Oct 08, 2018","6,669.6","6,611.0","6,699.5","6,589.9","119.68K","0.89%"
"Oct 07, 2018","6,611.0","6,596.3","6,633.9","6,523.8","77.06K","0.22%"
"Oct 06, 2018","6,596.3","6,639.1","6,661.5","6,550.4","9.18M","-0.65%"
"Oct 05, 2018","6,639.1","6,584.2","6,682.3","6,537.6","9.34M","0.83%"
"Oct 04, 2018","6,584.2","6,509.2","6,653.0","6,487.8","9.31M","1.17%"
"Oct 03, 2018","6,507.8","6,549.9","6,563.5","6,429.6","9.21M","-0.64%"
"Oct 02, 2018","6,549.9","6,608.2","6,645.7","6,034.9","9.34M","-0.88%"
"Oct 01, 2018","6,608.2","6,635.2","6,674.7","6,072.7","9.19M","-0.41%"
"Sep 30, 2018","6,635.2","6,603.9","6,673.9","6,533.5","9.34M","0.47%"
"Sep 29, 2018","6,603.9","6,633.9","6,648.4","6,464.4","9.42M","-0.48%"
"Sep 28, 2018","6,636.0","6,685.7","6,809.2","6,538.6","9.57M","-0.79%"
"Sep 27, 2018","6,689.2","6,463.7","6,738.3","6,428.8","9.34M","3.42%"
"Sep 26, 2018","6,468.1","6,443.0","6,551.9","6,384.1","8.64M","0.36%"
"Sep 25, 2018","6,445.1","6,590.6","6,590.6","5,977.0","7.34M","-2.11%"
"Sep 24, 2018","6,584.1","6,713.3","6,728.1","6,559.1","7.57M","-1.79%"
"Sep 23, 2018","6,704.1","6,729.6","6,789.4","6,666.4","7.34M","-0.38%"
"Sep 22, 2018","6,729.6","6,766.7","6,833.3","6,635.5","7.31M","-0.55%"
"Sep 21, 2018","6,766.7","6,490.9","6,780.5","6,489.8","7.73M","4.28%"
"Sep 20, 2018","6,489.2","6,390.4","6,537.5","6,346.4","5.18M","1.55%"
"Sep 19, 2018","6,390.4","6,342.0","6,478.7","6,144.5","3.54M","0.76%"
"Sep 18, 2018","6,342.0","6,251.9","6,388.8","6,228.8","2.82M","1.44%"
"Sep 17, 2018","6,251.9","6,500.2","6,533.5","6,215.9","3.26M","-3.82%"
"Sep 16, 2018","6,500.2","6,519.0","6,520.8","6,406.2","3.34M","-0.29%"
"Sep 15, 2018","6,519.0","6,482.6","6,562.9","6,470.3","3.16M","0.54%"
"Sep 14, 2018","6,483.7","6,482.9","6,579.4","6,412.1","3.20M","0.01%"
"Sep 13, 2018","6,482.9","6,338.0","6,867.3","6,337.8","3.53M","2.29%"
"Sep 12, 2018","6,338.0","6,293.9","6,353.5","6,204.5","3.04M","0.70%"
"Sep 11, 2018","6,293.9","6,320.7","6,391.8","6,189.6","3.30M","-0.43%"
"Sep 10, 2018","6,321.0","6,238.5","6,358.5","6,237.3","3.11M","1.32%"
"Sep 09, 2018","6,238.5","6,184.3","6,432.6","6,148.8","2.84M","0.88%"
"Sep 08, 2018","6,184.3","6,390.9","6,484.3","6,132.3","3.46M","-3.23%"
"Sep 07, 2018","6,390.9","6,514.1","6,540.6","6,316.2","3.30M","-1.89%"
"Sep 06, 2018","6,514.0","6,706.8","6,732.9","6,337.8","4.02M","-2.87%"
"Sep 05, 2018","6,706.8","7,377.5","7,407.5","6,691.8","4.55M","-9.09%"
"Sep 04, 2018","7,377.5","7,264.2","7,409.9","7,234.5","3.92M","1.56%"
"Sep 03, 2018","7,264.2","7,289.8","7,330.7","7,182.8","3.87M","-0.41%"
"Sep 02, 2018","7,293.9","7,189.6","7,334.8","7,117.3","3.90M","1.45%"
"Sep 01, 2018","7,189.6","7,032.4","7,264.3","7,020.4","3.52M","2.21%"
"Aug 31, 2018","7,033.8","6,993.7","7,080.2","6,698.0","4.21M","0.57%"
"Aug 30, 2018","6,993.7","7,029.2","7,050.2","6,798.0","3.74M","-0.50%"
"Aug 29, 2018","7,029.1","7,074.6","7,121.4","6,926.7","4.11M","-0.64%"
"Aug 28, 2018","7,074.6","6,897.6","7,129.7","6,861.2","3.79M","2.57%"
"Aug 27, 2018","6,897.6","6,712.7","6,902.9","6,650.4","3.26M","2.75%"
"Aug 26, 2018","6,712.7","6,734.9","6,892.7","6,573.1","3.37M","-0.33%"
"Aug 25, 2018","6,734.8","6,680.6","6,783.4","6,655.3","3.59M","0.81%"
"Aug 24, 2018","6,680.4","6,521.2","6,721.2","6,472.8","3.70M","2.44%"
"Aug 23, 2018","6,521.2","6,359.9","6,550.2","6,359.2","2.76M","2.54%"
"Aug 22, 2018","6,359.6","6,482.2","6,840.8","6,304.8","3.63M","-1.89%"
"Aug 21, 2018","6,482.2","6,268.1","6,484.1","6,257.4","1.46M","3.41%"
"Aug 20, 2018","6,268.1","6,474.2","6,516.4","6,255.9","3.10M","-3.29%"
"Aug 19, 2018","6,481.5","6,379.1","6,534.8","6,316.0","2.71M","1.61%"
"Aug 18, 2018","6,379.1","6,581.8","6,626.4","6,295.5","3.15M","-3.08%"
"Aug 17, 2018","6,581.7","6,306.7","6,581.7","6,291.8","3.20M","4.36%"
"Aug 16, 2018","6,306.7","6,256.9","6,470.9","6,249.8","3.50M","0.80%"
"Aug 15, 2018","6,256.9","6,190.2","6,592.8","6,177.9","3.74M","1.08%"
"Aug 14, 2018","6,190.2","6,255.3","6,255.3","5,898.3","3.66M","-1.04%"
"Aug 13, 2018","6,255.3","6,313.0","6,524.1","6,159.6","234.09K","-0.91%"
"Aug 12, 2018","6,313.0","6,232.1","6,453.0","6,169.8","216.33K","1.31%"
"Aug 11, 2018","6,231.6","6,152.8","6,469.6","6,009.8","247.34K","1.29%"
"Aug 10, 2018","6,152.3","6,539.5","6,570.2","6,043.4","298.82K","-5.91%"
"Aug 09, 2018","6,538.8","6,283.7","6,620.2","6,197.0","237.66K","4.06%"
"Aug 08, 2018","6,283.6","6,725.2","6,725.2","6,138.8","311.54K","-6.56%"
"Aug 07, 2018","6,724.9","6,943.6","7,149.7","6,689.9","232.48K","-3.15%"
"Aug 06, 2018","6,943.6","7,027.8","7,143.6","6,852.5","168.87K","-1.19%"
"Aug 05, 2018","7,027.1","7,014.0","7,087.6","6,887.9","177.64K","0.18%"
"Aug 04, 2018","7,014.3","7,418.9","7,484.2","6,949.7","222.57K","-5.46%"
"Aug 03, 2018","7,419.0","7,535.6","7,535.6","7,293.5","226.46K","-1.55%"
"Aug 02, 2018","7,535.6","7,606.4","7,701.4","7,470.6","216.34K","-0.93%"
"Aug 01, 2018","7,606.4","7,728.5","7,753.2","7,449.2","237.69K","-1.59%"
"Jul 31, 2018","7,729.4","8,176.4","8,176.5","7,649.8","266.94K","-5.48%"
"Jul 30, 2018","8,177.1","8,214.7","8,262.0","7,874.4","242.21K","-0.47%"